run_uuid,run_name,experiment_id,status,start_time,end_time,lifecycle_stage,name,lifecycle_stage_exp,param.architecture,param.batch_size,param.inference_ms,param.lambda_form,param.lambda_sex,param.learning_rate,param.num_classes,param.num_epochs,param.num_params_M,param.preprocessing,param.seed,param.training_mode,metric.best_val_acc,metric.cohen_kappa,metric.ece,metric.f1_Dorcus_consentaneus_consentaneus,metric.f1_Dorcus_hopei_binodulosus,metric.f1_Dorcus_rectus_rectus,metric.f1_Dorcus_rubrofemoratus_rubrofemoratus,metric.f1_Dorcus_titanus_castanicolor,metric.f1_Lucanus_maculifemoratus_dybowskyi,metric.f1_Platycerus_hongwonpyoi_hongwonpyoi,metric.f1_Prismognathus_dauricus,metric.f1_Prosopocoilus_astacoides_blanchardi,metric.f1_Prosopocoilus_inclinatus_inclinatus,metric.female_acc_Dorcus_titanus_castanicolor,metric.female_acc_Prosopocoilus_inclinatus_inclinatus,metric.female_species_acc,metric.form_acc,metric.form_label_coverage,metric.form_macro_f1,metric.learning_rate,metric.macro_f1,metric.macro_precision,metric.macro_recall,metric.male_acc_Dorcus_rectus_rectus,metric.male_acc_Dorcus_titanus_castanicolor,metric.male_acc_Prismognathus_dauricus,metric.male_species_acc,metric.precision_Dorcus_consentaneus_consentaneus,metric.precision_Dorcus_hopei_binodulosus,metric.precision_Dorcus_rectus_rectus,metric.precision_Dorcus_rubrofemoratus_rubrofemoratus,metric.precision_Dorcus_titanus_castanicolor,metric.precision_Lucanus_maculifemoratus_dybowskyi,metric.precision_Platycerus_hongwonpyoi_hongwonpyoi,metric.precision_Prismognathus_dauricus,metric.precision_Prosopocoilus_astacoides_blanchardi,metric.precision_Prosopocoilus_inclinatus_inclinatus,metric.recall_Dorcus_consentaneus_consentaneus,metric.recall_Dorcus_hopei_binodulosus,metric.recall_Dorcus_rectus_rectus,metric.recall_Dorcus_rubrofemoratus_rubrofemoratus,metric.recall_Dorcus_titanus_castanicolor,metric.recall_Lucanus_maculifemoratus_dybowskyi,metric.recall_Platycerus_hongwonpyoi_hongwonpyoi,metric.recall_Prismognathus_dauricus,metric.recall_Prosopocoilus_astacoides_blanchardi,metric.recall_Prosopocoilus_inclinatus_inclinatus,metric.sex_acc,metric.sex_label_coverage,metric.sex_macro_f1,metric.top3_acc,metric.train_acc,metric.train_loss,metric.val_acc,metric.val_loss,metric.weighted_f1,metric.weighted_precision,metric.weighted_recall
b6f36cae3df14c4fa7e0e05b38d79696,convnext_full_SO_s42,1,FINISHED,2026-04-28 12:30:01.881,2026-04-28 13:48:43.477,active,lucanidae_classifier,active,convnext_tiny,16,8.87,0.2,0.3,0.0001,10,100,27.83,full,42,species_only,0.8383838383838385,0.7969491090885784,0.4456257038947308,0.0,0.42857142857142855,0.9166666666666666,0.3333333333333333,0.8360655737704918,0.8627450980392157,0.2,0.9565217391304348,1.0,0.9345794392523364,,,,,,,1.0000000000000002e-06,0.6468483278763907,0.6233313353313353,0.7444638694638694,,,,,0.0,0.2727272727272727,0.9166666666666666,0.25,0.9107142857142857,0.88,0.125,0.9166666666666666,1.0,0.9615384615384616,0.0,1.0,0.9166666666666666,0.5,0.7727272727272727,0.8461538461538461,0.5,1.0,1.0,0.9090909090909091,,,,0.8636363636363636,0.9899244332493703,2.3782355899474483,0.797979797979798,3.5708810584713713,0.8529681295937693,0.8814306737034009,0.8383838383838383
154622e4fa0f4a57bceaf48dc0470342,convnext_full_SO_s123,1,FINISHED,2026-04-28 13:48:56.934,2026-04-28 14:40:04.925,active,lucanidae_classifier,active,convnext_tiny,16,8.29,0.2,0.3,0.0001,10,100,27.83,full,123,species_only,0.8080808080808082,0.7558648885427821,0.4032934040132195,0.0,0.3076923076923077,0.8,0.5,0.8444444444444444,0.8235294117647058,0.2857142857142857,0.9090909090909091,1.0,0.88,,,,,,,1e-05,0.6350471358706653,0.6143431833866616,0.7297086247086246,,,,,0.0,0.2,0.8571428571428571,0.3333333333333333,0.8260869565217391,0.84,0.2,0.9090909090909091,1.0,0.9777777777777777,0.0,0.6666666666666666,0.75,1.0,0.8636363636363636,0.8076923076923077,0.5,0.9090909090909091,1.0,0.8,,,,0.8484848484848485,0.9874055415617128,2.319741510323974,0.8030303030303031,3.5920324999876696,0.8193919370389958,0.845341475486403,0.8080808080808081
b7955eb208a54a2cbae9d39fb79d7949,convnext_full_SO_s456,1,FINISHED,2026-04-28 14:40:17.808,2026-04-28 15:45:48.044,active,lucanidae_classifier,active,convnext_tiny,16,8.15,0.2,0.3,0.0001,10,100,27.83,full,456,species_only,0.792929292929293,0.7384664948453608,0.42528928206725547,0.0,0.2857142857142857,0.8372093023255814,0.4,0.8444444444444444,0.7916666666666666,0.36363636363636365,0.9090909090909091,1.0,0.8571428571428571,,,,,,,1.0000000000000002e-07,0.6288904829021107,0.6176967240388559,0.7683799533799534,,,,,0.0,0.18181818181818182,0.9473684210526315,0.25,0.8260869565217391,0.8636363636363636,0.2222222222222222,0.9090909090909091,1.0,0.9767441860465116,0.0,0.6666666666666666,0.75,1.0,0.8636363636363636,0.7307692307692307,1.0,0.9090909090909091,1.0,0.7636363636363637,,,,0.8282828282828283,0.9811083123425692,2.321906705947607,0.792929292929293,3.5536688650497283,0.8128129426755218,0.8582017975388916,0.7929292929292929
21a91bf91e7e428d8ee92f9e7cc76c89,convnext_full_MT_s42,1,FINISHED,2026-04-28 15:46:01.187,2026-04-28 17:12:04.232,active,lucanidae_classifier,active,convnext_tiny,16,9.98,0.2,0.3,0.0001,10,100,27.83,full,42,multi_task,0.8282828282828284,0.7843759008359759,0.46307569501375917,0.0,0.4,0.9090909090909091,0.5,0.8837209302325582,0.8260869565217391,0.2857142857142857,0.9166666666666666,1.0,0.8823529411764706,1.0,1.0,1.0,0.6111111111111112,0.09090909090909091,0.4666666666666666,1.0000000000000004e-08,0.660363268940263,0.6408362559426389,0.8245920745920745,0.6666666666666666,1.0,1.0,0.8888888888888888,0.0,0.25,1.0,0.3333333333333333,0.9047619047619048,0.95,0.16666666666666666,0.8461538461538461,1.0,0.9574468085106383,0.0,1.0,0.8333333333333334,1.0,0.8636363636363636,0.7307692307692307,1.0,1.0,1.0,0.8181818181818182,0.9655172413793104,0.14646464646464646,0.9626769626769627,0.8484848484848485,0.9874055415617128,2.3562575373001002,0.8232323232323233,3.710608048872514,0.848516150265473,0.8946038004548643,0.8282828282828283
29acf9f8ddb2498393bb0759421b0e4b,convnext_full_MT_s123,1,FINISHED,2026-04-28 17:12:17.386,2026-04-28 18:36:31.195,active,lucanidae_classifier,active,convnext_tiny,16,8.34,0.2,0.3,0.0001,10,100,27.83,full,123,multi_task,0.792929292929293,0.7403984522400947,0.42464294179220397,0.0,0.2857142857142857,0.7906976744186046,0.16666666666666666,0.8527131782945736,0.851063829787234,0.18181818181818182,0.9166666666666666,1.0,0.8910891089108911,1.0,1.0,1.0,0.6666666666666666,0.09090909090909091,0.5333333333333333,1.0000000000000004e-08,0.5936429592277104,0.5937477676150446,0.679574592074592,0.6666666666666666,0.8,1.0,0.7777777777777778,0.0,0.18181818181818182,0.8947368421052632,0.1,0.873015873015873,0.9523809523809523,0.1111111111111111,0.8461538461538461,1.0,0.9782608695652174,0.0,0.6666666666666666,0.7083333333333334,0.5,0.8333333333333334,0.7692307692307693,0.5,1.0,1.0,0.8181818181818182,0.9655172413793104,0.14646464646464646,0.9626769626769627,0.8282828282828283,0.9899244332493703,2.382401554650564,0.787878787878788,3.735681572345772,0.8233879818459664,0.8734058257218926,0.7929292929292929
80eafe8a3cfe4132a5902a0bea0e304d,convnext_full_MT_s456,1,FINISHED,2026-04-28 18:36:44.422,2026-04-28 19:35:22.710,active,lucanidae_classifier,active,convnext_tiny,16,8.88,0.2,0.3,0.0001,10,100,27.83,full,456,multi_task,0.792929292929293,0.7432312753036436,0.4195684819209455,0.0,0.3333333333333333,0.9090909090909091,0.18181818181818182,0.8292682926829268,0.8333333333333334,0.23529411764705882,0.9565217391304348,1.0,0.8910891089108911,0.6666666666666666,1.0,0.8181818181818182,0.5,0.09090909090909091,0.404040404040404,1.0000000000000002e-06,0.6169749015947069,0.6165421954094723,0.736013986013986,0.6666666666666666,0.8,1.0,0.7777777777777778,0.0,0.2222222222222222,1.0,0.1111111111111111,0.8947368421052632,0.9090909090909091,0.13333333333333333,0.9166666666666666,1.0,0.9782608695652174,0.0,0.6666666666666666,0.8333333333333334,0.5,0.7727272727272727,0.7692307692307693,1.0,1.0,1.0,0.8181818181818182,0.9310344827586207,0.14646464646464646,0.9236842105263158,0.8434343434343434,0.9804785894206549,2.3953014825393333,0.7575757575757577,3.759625275929769,0.8312243460676056,0.8925870299509436,0.7929292929292929
7d80402f05af41c589fb91174dfbbedd,convnext_bbox_SO_s42,1,FINISHED,2026-04-28 19:35:35.792,2026-04-28 20:17:02.311,active,lucanidae_classifier,active,convnext_tiny,16,8.37,0.2,0.3,0.0001,10,100,27.83,bbox,42,species_only,0.6652173913043479,0.5943655519926707,0.3382039425165757,0.0,0.2,0.7804878048780488,0.14814814814814814,0.7164179104477612,0.6666666666666666,0.16666666666666666,0.8571428571428571,0.7777777777777778,0.8376068376068376,,,,,,,1.0000000000000002e-06,0.5150914669334763,0.5668560642095603,0.6425032603890363,,,,,0.0,0.11764705882352941,1.0,0.08333333333333333,0.8571428571428571,0.72,0.09090909090909091,1.0,0.875,0.9245283018867925,0.0,0.6666666666666666,0.64,0.6666666666666666,0.6153846153846154,0.6206896551724138,1.0,0.75,0.7,0.765625,,,,0.7521739130434782,0.9467101685698749,2.5647194833454714,0.6478260869565218,4.009113863240118,0.7294531866013798,0.8410509284182015,0.6652173913043479
2edf66c430e04b0a84a1f3753a62dc91,convnext_bbox_SO_s123,1,FINISHED,2026-04-28 20:17:15.536,2026-04-28 21:06:08.680,active,lucanidae_classifier,active,convnext_tiny,16,8.21,0.2,0.3,0.0001,10,100,27.83,bbox,123,species_only,0.6782608695652174,0.6102855311061754,0.33729011546010557,0.0,0.23076923076923078,0.782608695652174,0.21428571428571427,0.8028169014084507,0.6382978723404256,0.2222222222222222,0.8571428571428571,0.7777777777777778,0.7777777777777778,,,,,,,1.0000000000000002e-06,0.530369904937663,0.5786081427630341,0.7074260610079576,,,,,0.0,0.13043478260869565,0.8571428571428571,0.12,0.890625,0.8333333333333334,0.125,1.0,0.875,0.9545454545454546,0.0,1.0,0.72,1.0,0.7307692307692307,0.5172413793103449,1.0,0.75,0.7,0.65625,,,,0.7217391304347827,0.9673735725938009,2.5579251555595275,0.6608695652173913,3.9847552879996924,0.7405063179126737,0.8604617457998838,0.6782608695652174
9262da49e22f4c9ab539131317b8d42b,convnext_bbox_SO_s456,1,FINISHED,2026-04-28 21:06:21.494,2026-04-28 22:07:24.985,active,lucanidae_classifier,active,convnext_tiny,16,9.23,0.2,0.3,0.0001,10,100,27.83,bbox,456,species_only,0.6260869565217392,0.5580875781948168,0.28255811897308936,0.0,0.2222222222222222,0.8260869565217391,0.125,0.7175572519083969,0.6530612244897959,0.14285714285714285,0.9090909090909091,0.8235294117647058,0.7378640776699029,,,,,,,1.0000000000000004e-08,0.5157269196524814,0.5836801926115525,0.6708038240495138,,,,,0.0,0.125,0.9047619047619048,0.06896551724137931,0.8867924528301887,0.8,0.07692307692307693,1.0,1.0,0.9743589743589743,0.0,1.0,0.76,0.6666666666666666,0.6025641025641025,0.5517241379310345,1.0,0.8333333333333334,0.7,0.59375,,,,0.6826086956521739,0.9570418705818379,2.6899356033051385,0.6173913043478261,4.0230690500010615,0.709806443574327,0.8699285913232477,0.6260869565217392
9d3fd76f37384aa08ba43c42191ebb6f,convnext_bbox_MT_s42,1,FINISHED,2026-04-28 22:07:38.127,2026-04-28 22:53:08.829,active,lucanidae_classifier,active,convnext_tiny,16,8.27,0.2,0.3,0.0001,10,100,27.83,bbox,42,multi_task,0.6043478260869565,0.5308752661660876,0.28449121499839036,0.0,0.23076923076923078,0.75,0.1111111111111111,0.7313432835820896,0.6938775510204082,0.14285714285714285,0.8571428571428571,0.8235294117647058,0.6730769230769231,0.6,0.6666666666666666,0.7,0.47058823529411764,0.07391304347826087,0.37789661319073087,1.0000000000000002e-07,0.5013707511324469,0.5867963920137833,0.6477953691423519,0.6666666666666666,0.5,0.75,0.7058823529411765,0.0,0.13043478260869565,1.0,0.06060606060606061,0.875,0.85,0.07692307692307693,1.0,1.0,0.875,0.0,1.0,0.6,0.6666666666666666,0.6282051282051282,0.5862068965517241,1.0,0.75,0.7,0.546875,0.9259259259259259,0.11739130434782609,0.9232954545454546,0.7260869565217392,0.9309407286568787,2.5795800291111184,0.5956521739130435,4.218246974115786,0.6905500516984111,0.8548998638412628,0.6043478260869565
9e59fb358b0f4df881e226c2bcc53146,convnext_bbox_MT_s123,1,FINISHED,2026-04-28 22:53:21.802,2026-04-28 23:40:39.830,active,lucanidae_classifier,active,convnext_tiny,16,8.56,0.2,0.3,0.0001,10,100,27.83,bbox,123,multi_task,0.6391304347826087,0.5670121799088208,0.29169680612242743,0.0,0.1935483870967742,0.7,0.12121212121212122,0.7424242424242424,0.7843137254901961,0.26666666666666666,0.7619047619047619,0.8235294117647058,0.7368421052631579,0.8,0.6666666666666666,0.8,0.47058823529411764,0.07391304347826087,0.37789661319073087,1.0000000000000002e-06,0.5130441421822626,0.5806376216376217,0.6567443633952255,0.3333333333333333,0.75,0.5,0.6470588235294118,0.0,0.10714285714285714,0.9333333333333333,0.06666666666666667,0.9074074074074074,0.9090909090909091,0.15384615384615385,0.8888888888888888,1.0,0.84,0.0,1.0,0.56,0.6666666666666666,0.6282051282051282,0.6896551724137931,1.0,0.6666666666666666,0.7,0.65625,0.9259259259259259,0.11739130434782609,0.9205882352941177,0.7,0.9559543230016312,2.6321792486506093,0.6347826086956522,4.25367664668871,0.7137732600170126,0.8510023261762393,0.6391304347826087
8ff2332130cb4008910d997416f557a6,convnext_bbox_MT_s456,1,FINISHED,2026-04-28 23:40:53.169,2026-04-29 00:22:24.558,active,lucanidae_classifier,active,convnext_tiny,16,8.32,0.2,0.3,0.0001,10,100,27.83,bbox,456,multi_task,0.6,0.5286465294484541,0.2718348811502042,0.0,0.2857142857142857,0.8,0.09523809523809523,0.7299270072992701,0.72,0.17391304347826086,0.8695652173913043,0.7777777777777778,0.6021505376344086,0.8,0.3333333333333333,0.7,0.47058823529411764,0.07391304347826087,0.4305555555555555,1.0000000000000002e-06,0.5054285964533403,0.5667395447918534,0.6619215296198055,0.6666666666666666,0.5,0.75,0.6470588235294118,0.0,0.16666666666666666,0.9,0.05128205128205128,0.847457627118644,0.8571428571428571,0.09523809523809523,0.9090909090909091,0.875,0.9655172413793104,0.0,1.0,0.72,0.6666666666666666,0.6410256410256411,0.6206896551724138,1.0,0.8333333333333334,0.7,0.4375,0.9259259259259259,0.11739130434782609,0.9166666666666666,0.6826086956521739,0.9222403480152256,2.604795885838005,0.5347826086956522,4.194427506820015,0.6785008025836187,0.851110236843853,0.6
4395bd5fd8dc471eb22134cb92ab1f8c,convnext_seg_hard_SO_s42,1,FINISHED,2026-04-29 00:22:37.676,2026-04-29 01:04:33.042,active,lucanidae_classifier,active,convnext_tiny,16,10.27,0.2,0.3,0.0001,10,100,27.83,seg_hard,42,species_only,0.6608695652173913,0.5871306268986468,0.33453130709088363,0.0,0.2727272727272727,0.717948717948718,0.12903225806451613,0.8211920529801324,0.7083333333333334,0.16,0.8181818181818182,0.5333333333333333,0.7572815533980582,,,,,,,1.0000000000000002e-07,0.49180303399671815,0.5760331740608221,0.6367120358090186,,,,,0.0,0.15789473684210525,1.0,0.07142857142857142,0.8493150684931506,0.8947368421052632,0.08695652173913043,0.9,0.8,1.0,0.0,1.0,0.56,0.6666666666666666,0.7948717948717948,0.5862068965517241,1.0,0.75,0.4,0.609375,,,,0.7043478260869566,0.9303969548667753,2.56896627817937,0.6086956521739131,4.060107550413712,0.7290703387356573,0.8732862031817767,0.6608695652173913
c232842933904a6daeeb2430e0b76243,convnext_seg_hard_SO_s123,1,FINISHED,2026-04-29 01:04:47.658,2026-04-29 02:30:57.320,active,lucanidae_classifier,active,convnext_tiny,16,8.76,0.2,0.3,0.0001,10,100,27.83,seg_hard,123,species_only,0.6565217391304348,0.5879725163835914,0.31588392341914373,0.0,0.1875,0.8163265306122449,0.13793103448275862,0.7076923076923077,0.7346938775510204,0.25,0.782608695652174,0.5714285714285714,0.8245614035087719,,,,,,,1.0000000000000002e-07,0.5012742420927849,0.5699359031772826,0.6561474911582671,,,,,0.0,0.10344827586206896,0.8333333333333334,0.07692307692307693,0.8846153846153846,0.9,0.14285714285714285,0.8181818181818182,1.0,0.94,0.0,1.0,0.8,0.6666666666666666,0.5897435897435898,0.6206896551724138,1.0,0.75,0.4,0.734375,,,,0.691304347826087,0.976073953235454,2.5729626944170105,0.6521739130434783,4.08898521920909,0.7229047769756836,0.8553841021547168,0.6565217391304348
61f8fedd11424b76a428b9fe50cef28f,convnext_seg_hard_SO_s456,1,FINISHED,2026-04-29 02:31:24.907,2026-04-29 03:45:21.314,active,lucanidae_classifier,active,convnext_tiny,16,20.06,0.2,0.3,0.0001,10,100,27.83,seg_hard,456,species_only,0.6478260869565218,0.5783636980875864,0.32797658722037853,0.0,0.2608695652173913,0.9130434782608695,0.125,0.7714285714285715,0.7083333333333334,0.14285714285714285,0.782608695652174,0.5714285714285714,0.7254901960784313,,,,,,,1.0000000000000004e-08,0.5001059554256485,0.5853459206913337,0.6513306255526083,,,,,0.0,0.15,1.0,0.06896551724137931,0.8709677419354839,0.8947368421052632,0.07692307692307693,0.8181818181818182,1.0,0.9736842105263158,0.0,1.0,0.84,0.6666666666666666,0.6923076923076923,0.5862068965517241,1.0,0.75,0.4,0.578125,,,,0.6826086956521739,0.9516041326808047,2.519598514765355,0.6434782608695653,4.098548781353494,0.723997686030934,0.8775111577802466,0.6478260869565218
6c4379239bce4315a0d6bc3f8cd7d71a,convnext_seg_hard_MT_s42,1,FINISHED,2026-04-29 03:45:35.726,2026-04-29 04:41:22.377,active,lucanidae_classifier,active,convnext_tiny,16,8.96,0.2,0.3,0.0001,10,100,27.83,seg_hard,42,multi_task,0.6,0.5234126894749882,0.2684837958734968,0.0,0.15384615384615385,0.6382978723404256,0.08,0.7230769230769231,0.6521739130434783,0.2,0.8333333333333334,0.5714285714285714,0.7387387387387387,0.6,0.6666666666666666,0.7,0.5294117647058824,0.07391304347826087,0.4853896103896103,1.0000000000000002e-07,0.4590895505807625,0.5413590025605044,0.5927097148541114,0.6666666666666666,0.5,0.5,0.6470588235294118,0.0,0.08333333333333333,0.6818181818181818,0.045454545454545456,0.9038461538461539,0.8823529411764706,0.1111111111111111,0.8333333333333334,1.0,0.8723404255319149,0.0,1.0,0.6,0.3333333333333333,0.6025641025641025,0.5172413793103449,1.0,0.8333333333333334,0.4,0.640625,0.8518518518518519,0.11739130434782609,0.8333333333333333,0.6695652173913044,0.9200652528548123,2.5704914797512717,0.5434782608695652,4.348521058455757,0.6755025814864128,0.8242263605747853,0.6
c0a9206e9b6c4cf99341268944be414d,convnext_seg_hard_MT_s123,1,FINISHED,2026-04-29 04:42:24.502,2026-04-29 05:46:17.230,active,lucanidae_classifier,active,convnext_tiny,16,56.5,0.2,0.3,0.0001,10,100,27.83,seg_hard,123,multi_task,0.6434782608695653,0.5738334651451814,0.2978161796927452,0.0,0.17647058823529413,0.8333333333333334,0.11764705882352941,0.7121212121212122,0.723404255319149,0.3076923076923077,0.8333333333333334,0.5714285714285714,0.7818181818181819,0.6,1.0,0.8,0.4117647058823529,0.07391304347826087,0.31729055258467026,1.0000000000000002e-07,0.5057248842104912,0.5795604478633931,0.6560645999115827,0.6666666666666666,0.5,1.0,0.7647058823529411,0.0,0.0967741935483871,0.8695652173913043,0.06451612903225806,0.8703703703703703,0.9444444444444444,0.18181818181818182,0.8333333333333334,1.0,0.9347826086956522,0.0,1.0,0.8,0.6666666666666666,0.6025641025641025,0.5862068965517241,1.0,0.8333333333333334,0.4,0.671875,0.9259259259259259,0.11739130434782609,0.9166666666666666,0.6826086956521739,0.9711799891245241,2.6571010468510456,0.6217391304347826,4.285899241074272,0.7156778182184941,0.8595239239150453,0.6434782608695652
c1827400d7474804a2b019f6ca824690,convnext_seg_hard_MT_s456,1,FINISHED,2026-04-29 05:46:30.624,2026-04-29 06:29:43.514,active,lucanidae_classifier,active,convnext_tiny,16,9.27,0.2,0.3,0.0001,10,100,27.83,seg_hard,456,multi_task,0.5782608695652174,0.5060115581338707,0.2421803511355234,0.0,0.14285714285714285,0.7804878048780488,0.14814814814814814,0.7703703703703704,0.723404255319149,0.13333333333333333,0.75,0.5,0.5957446808510638,0.8,0.3333333333333333,0.7,0.47058823529411764,0.07391304347826087,0.42478354978354976,1e-05,0.4544345735757256,0.5438410127883813,0.6147040229885057,0.6666666666666666,0.5,0.75,0.6470588235294118,0.0,0.07692307692307693,1.0,0.08333333333333333,0.9122807017543859,0.9444444444444444,0.07142857142857142,0.75,0.6666666666666666,0.9333333333333333,0.0,1.0,0.64,0.6666666666666666,0.6666666666666666,0.5862068965517241,1.0,0.75,0.4,0.4375,0.9259259259259259,0.11739130434782609,0.9205882352941177,0.6478260869565218,0.9407286568787384,2.6583361126535157,0.5304347826086957,4.24955007304316,0.6689006501271567,0.8676974347798146,0.5782608695652174
af5146015c104c5c80d30b0535031c67,convnext_seg_soft_SO_s42,1,FINISHED,2026-04-29 06:29:56.599,2026-04-29 07:13:19.968,active,lucanidae_classifier,active,convnext_tiny,16,10.6,0.2,0.3,0.0001,10,100,27.83,seg_soft,42,species_only,0.6695652173913044,0.5961649532170499,0.3231227244371953,0.0,0.2727272727272727,0.6842105263157895,0.12121212121212122,0.8053691275167785,0.6666666666666666,0.2222222222222222,0.8,0.6666666666666666,0.7962962962962963,,,,,,,1.0000000000000002e-06,0.5035370899623814,0.5783240585705375,0.6512829907161803,,,,,0.0,0.15789473684210525,1.0,0.06666666666666667,0.8450704225352113,0.8421052631578947,0.125,0.7692307692307693,1.0,0.9772727272727273,0.0,1.0,0.52,0.6666666666666666,0.7692307692307693,0.5517241379310345,1.0,0.8333333333333334,0.5,0.671875,,,,0.7391304347826086,0.9510603588907014,2.562365943935658,0.6434782608695653,4.058221684331479,0.7309273073627349,0.8610280590264153,0.6695652173913044
2823cad2dc0541d5836d53949733128e,convnext_seg_soft_SO_s123,1,FINISHED,2026-04-29 07:13:32.945,2026-04-29 07:46:50.156,active,lucanidae_classifier,active,convnext_tiny,16,8.41,0.2,0.3,0.0001,10,100,27.83,seg_soft,123,species_only,0.6086956521739131,0.533458045031441,0.2935174772272939,0.0,0.15789473684210525,0.782608695652174,0.14814814814814814,0.6666666666666666,0.6818181818181818,0.25,0.8333333333333334,0.5333333333333333,0.7636363636363637,,,,,,,1e-05,0.48174394594303055,0.5530239245456636,0.635759394341291,,,,,0.0,0.08571428571428572,0.8571428571428571,0.08333333333333333,0.8148148148148148,1.0,0.14285714285714285,0.8333333333333334,0.8,0.9130434782608695,0.0,1.0,0.72,0.6666666666666666,0.5641025641025641,0.5172413793103449,1.0,0.8333333333333334,0.4,0.65625,,,,0.7130434782608696,0.9374660141381185,2.649662510216917,0.591304347826087,4.077202378148618,0.6824440605437521,0.8313555075464338,0.6086956521739131
6340affa6726474ca6a3939b521c8920,convnext_seg_soft_SO_s456,1,FINISHED,2026-04-29 07:47:03.044,2026-04-29 08:47:31.083,active,lucanidae_classifier,active,convnext_tiny,16,8.27,0.2,0.3,0.0001,10,100,27.83,seg_soft,456,species_only,0.6565217391304348,0.5872987030685716,0.322952703613302,0.0,0.1935483870967742,0.8181818181818182,0.14285714285714285,0.75,0.7391304347826086,0.17391304347826086,0.8695652173913043,0.5714285714285714,0.7927927927927928,,,,,,,1.0000000000000004e-08,0.5051417408009273,0.5954320840118037,0.6547553050397878,,,,,0.0,0.10714285714285714,0.9473684210526315,0.08,0.8793103448275862,1.0,0.09523809523809523,0.9090909090909091,1.0,0.9361702127659575,0.0,1.0,0.72,0.6666666666666666,0.6538461538461539,0.5862068965517241,1.0,0.8333333333333334,0.4,0.6875,,,,0.7130434782608696,0.9575856443719412,2.6914816652062536,0.6434782608695653,4.074781720534615,0.7331920773990412,0.8819404639603672,0.6565217391304348
a82aa1eb192c4f898a48cf0564433d16,convnext_seg_soft_MT_s42,1,FINISHED,2026-04-29 08:47:44.390,2026-04-29 09:30:52.156,active,lucanidae_classifier,active,convnext_tiny,16,9.05,0.2,0.3,0.0001,10,100,27.83,seg_soft,42,multi_task,0.5608695652173913,0.48718514757500164,0.24390060020529705,0.0,0.12244897959183673,0.7755102040816326,0.07692307692307693,0.6722689075630253,0.5581395348837209,0.21052631578947367,0.6923076923076923,0.5714285714285714,0.7090909090909091,0.8,1.0,0.9,0.47058823529411764,0.07391304347826087,0.34385964912280703,1.0000000000000002e-07,0.4388644191659939,0.5341445220718192,0.5779321949602123,0.6666666666666666,0.5,0.75,0.6470588235294118,0.0,0.06521739130434782,0.7916666666666666,0.043478260869565216,0.975609756097561,0.8571428571428571,0.11764705882352941,0.6428571428571429,1.0,0.8478260869565217,0.0,1.0,0.76,0.3333333333333333,0.5128205128205128,0.41379310344827586,1.0,0.75,0.4,0.609375,0.8888888888888888,0.11739130434782609,0.8712241653418125,0.6608695652173913,0.9129961935834692,2.5746516074221573,0.5521739130434783,4.301999544060749,0.6453640930804546,0.8403604645786572,0.5608695652173913
0726778ef7d6447da0df139d57a1f33c,convnext_seg_soft_MT_s123,1,FINISHED,2026-04-29 09:31:04.856,2026-04-29 10:14:15.348,active,lucanidae_classifier,active,convnext_tiny,16,8.42,0.2,0.3,0.0001,10,100,27.83,seg_soft,123,multi_task,0.591304347826087,0.5194808081257084,0.27689961512451583,0.0,0.24,0.7307692307692307,0.16,0.6771653543307087,0.6666666666666666,0.10526315789473684,0.8181818181818182,0.5333333333333333,0.75,0.4,0.6666666666666666,0.6,0.5882352941176471,0.07391304347826087,0.4456140350877193,1.0000000000000002e-06,0.4681379561176494,0.547658300694015,0.6254565097259064,0.6666666666666666,0.5,0.75,0.7058823529411765,0.0,0.13636363636363635,0.7037037037037037,0.09090909090909091,0.8775510204081632,0.9375,0.05555555555555555,0.9,0.8,0.975,0.0,1.0,0.76,0.6666666666666666,0.5512820512820513,0.5172413793103449,1.0,0.75,0.4,0.609375,0.9629629629629629,0.11739130434782609,0.961038961038961,0.6826086956521739,0.9472539423599782,2.6207953454879007,0.5695652173913044,4.282783392201299,0.6738413182941914,0.8487913107711245,0.591304347826087
ab03e131c0da42cc83065c6cc6dff00f,convnext_seg_soft_MT_s456,1,FINISHED,2026-04-29 10:14:28.408,2026-04-29 11:15:02.838,active,lucanidae_classifier,active,convnext_tiny,16,9.99,0.2,0.3,0.0001,10,100,27.83,seg_soft,456,multi_task,0.6173913043478261,0.5457299966333745,0.2900839769969815,0.0,0.14634146341463414,0.8333333333333334,0.12121212121212122,0.703125,0.7111111111111111,0.3076923076923077,0.782608695652174,0.5714285714285714,0.7387387387387387,0.6,1.0,0.8,0.47058823529411764,0.07391304347826087,0.34385964912280703,1.0000000000000002e-07,0.4915591342582992,0.5787519678010938,0.6385938881520778,0.6666666666666666,0.5,0.75,0.6470588235294118,0.0,0.07894736842105263,0.8695652173913043,0.06666666666666667,0.9,1.0,0.18181818181818182,0.8181818181818182,1.0,0.8723404255319149,0.0,1.0,0.8,0.6666666666666666,0.5769230769230769,0.5517241379310345,1.0,0.75,0.4,0.640625,0.9629629629629629,0.11739130434782609,0.9593984962406015,0.6652173913043479,0.9668297988036976,2.651780708643844,0.6086956521739131,4.325036326698635,0.6960966098530936,0.8582068606778545,0.6173913043478261
4409bfa885444735acb66f9904871175,efficientnet_full_SO_s42,1,FINISHED,2026-04-29 11:15:15.808,2026-04-29 19:18:33.767,active,lucanidae_classifier,active,efficientnet_b3,16,22.44,0.2,0.3,0.0001,10,100,10.71,full,42,species_only,0.8535353535353536,0.81191653837335,0.4626424403654204,0.0,0.4444444444444444,0.8571428571428571,0.5,0.8939393939393939,0.84,0.5,0.8181818181818182,1.0,0.9074074074074074,,,,,,,1.0000000000000004e-08,0.6761115921115921,0.6518316180674671,0.7452389277389277,,,,,0.0,0.3333333333333333,0.84,0.5,0.8939393939393939,0.875,0.3333333333333333,0.8181818181818182,1.0,0.9245283018867925,0.0,0.6666666666666666,0.875,0.5,0.8939393939393939,0.8076923076923077,1.0,0.8181818181818182,1.0,0.8909090909090909,,,,0.8737373737373737,0.9584382871536523,2.409545127330559,0.8484848484848485,3.619748293751418,0.8517786328897441,0.8556854710628296,0.8535353535353535
dbc868f5f54046f291d70df21b2cf705,efficientnet_full_SO_s123,1,FINISHED,2026-04-29 19:18:47.414,2026-04-30 00:52:45.596,active,lucanidae_classifier,active,efficientnet_b3,16,21.53,0.2,0.3,0.0001,10,100,10.71,full,123,species_only,0.8282828282828284,0.7770491803278688,0.45941663066847155,0.0,0.4444444444444444,0.7441860465116279,0.4,0.8285714285714286,0.875,0.6666666666666666,0.8181818181818182,1.0,0.9259259259259259,,,,,,,1.0000000000000002e-06,0.6702976330301912,0.6508679212750712,0.7247086247086247,,,,,0.0,0.3333333333333333,0.8421052631578947,0.3333333333333333,0.7837837837837838,0.9545454545454546,0.5,0.8181818181818182,1.0,0.9433962264150944,0.0,0.6666666666666666,0.6666666666666666,0.5,0.8787878787878788,0.8076923076923077,1.0,0.8181818181818182,1.0,0.9090909090909091,,,,0.8585858585858586,0.947103274559194,2.4147088071261007,0.8030303030303031,3.594197306970153,0.8267109696696259,0.8349085706222115,0.8282828282828283
bdcd56bc62c347d29e0fdad0ce8f324b,efficientnet_full_SO_s456,1,FINISHED,2026-04-30 00:53:01.767,2026-04-30 07:24:43.965,active,lucanidae_classifier,active,efficientnet_b3,16,22.71,0.2,0.3,0.0001,10,100,10.71,full,456,species_only,0.8383838383838385,0.7934541661233537,0.4574440886275937,0.0,0.4,0.875,0.2857142857142857,0.8549618320610687,0.84,0.5,0.8571428571428571,1.0,0.9158878504672897,,,,,,,1.0000000000000004e-08,0.6528706825385501,0.6272893772893773,0.7406934731934731,,,,,0.0,0.2857142857142857,0.875,0.2,0.8615384615384616,0.875,0.3333333333333333,0.9,1.0,0.9423076923076923,0.0,0.6666666666666666,0.875,0.5,0.8484848484848485,0.8076923076923077,1.0,0.8181818181818182,1.0,0.8909090909090909,,,,0.8686868686868687,0.9609571788413098,2.4219356754264543,0.8030303030303031,3.6010123310667095,0.8426328923824822,0.8548599548599548,0.8383838383838383
c0f3cc1d3fdf413596f0a586fa5d63de,efficientnet_full_MT_s42,1,FINISHED,2026-04-30 07:24:58.279,2026-04-30 12:07:38.482,active,lucanidae_classifier,active,efficientnet_b3,16,17.74,0.2,0.3,0.0001,10,100,10.72,full,42,multi_task,0.8232323232323233,0.7805086624647642,0.42224285804262063,0.0,0.375,0.9019607843137255,0.2857142857142857,0.8034188034188035,0.9230769230769231,0.4444444444444444,0.88,1.0,0.9038461538461539,0.6666666666666666,0.6666666666666666,0.7272727272727273,0.5,0.09090909090909091,0.37719298245614036,1.0000000000000002e-07,0.6517461394814337,0.6157878878046945,0.7948076923076923,1.0,0.4,1.0,0.7777777777777778,0.0,0.23076923076923078,0.8518518518518519,0.2,0.9215686274509803,0.9230769230769231,0.2857142857142857,0.7857142857142857,1.0,0.9591836734693877,0.0,1.0,0.9583333333333334,0.5,0.7121212121212122,0.9230769230769231,1.0,1.0,1.0,0.8545454545454545,0.896551724137931,0.14646464646464646,0.888030888030888,0.8939393939393939,0.9301007556675063,2.4552500362059932,0.8181818181818182,3.888052776606396,0.8366139180354867,0.8754023702202972,0.8232323232323232
a08a35e268e847d7a5fc1e13c8d47061,efficientnet_full_MT_s123,1,FINISHED,2026-04-30 12:07:53.811,2026-04-30 18:08:57.558,active,lucanidae_classifier,active,efficientnet_b3,16,19.63,0.2,0.3,0.0001,10,100,10.72,full,123,multi_task,0.8282828282828284,0.7840715912371299,0.45687754963985594,0.0,0.2857142857142857,0.851063829787234,0.2222222222222222,0.875,0.875,0.4444444444444444,0.8695652173913043,1.0,0.9215686274509803,0.8333333333333334,0.6666666666666666,0.8181818181818182,0.6111111111111112,0.09090909090909091,0.46438746438746437,1.0000000000000004e-08,0.6344578627010471,0.6171059422111316,0.741981351981352,0.6666666666666666,0.6,1.0,0.7222222222222222,0.0,0.18181818181818182,0.8695652173913043,0.14285714285714285,0.9032258064516129,0.9545454545454546,0.2857142857142857,0.8333333333333334,1.0,1.0,0.0,0.6666666666666666,0.8333333333333334,0.5,0.8484848484848485,0.8076923076923077,1.0,0.9090909090909091,1.0,0.8545454545454545,0.9655172413793104,0.14646464646464646,0.9639751552795031,0.8585858585858586,0.9414357682619647,2.4061136552008335,0.8080808080808082,3.892683390415076,0.8503409091236266,0.8882318905588064,0.8282828282828283
8d98e7a6a728439c8586448769e22f4e,efficientnet_full_MT_s456,1,FINISHED,2026-04-30 18:09:09.340,2026-05-01 01:16:23.648,active,lucanidae_classifier,active,efficientnet_b3,16,14.85,0.2,0.3,0.0001,10,100,10.72,full,456,multi_task,0.8434343434343435,0.8019552802245669,0.4649118708841728,0.0,1.0,0.92,0.3333333333333333,0.864,0.84,0.2857142857142857,0.75,1.0,0.9158878504672897,1.0,0.6666666666666666,0.9090909090909091,0.5555555555555556,0.09090909090909091,0.44047619047619047,1.0000000000000004e-08,0.690893546951491,0.6726151673185572,0.7793298368298368,1.0,0.6,0.75,0.7777777777777778,0.0,1.0,0.8846153846153846,0.25,0.9152542372881356,0.875,0.16666666666666666,0.6923076923076923,1.0,0.9423076923076923,0.0,1.0,0.9583333333333334,0.5,0.8181818181818182,0.8076923076923077,1.0,0.8181818181818182,1.0,0.8909090909090909,0.9655172413793104,0.14646464646464646,0.9626769626769627,0.8737373737373737,0.9609571788413098,2.479639123609144,0.8181818181818182,3.7943847347991637,0.8525551869383645,0.8720363127142787,0.8434343434343434
ff9d75280b8f4c14a1d3845ac7109b30,efficientnet_bbox_SO_s42,1,FINISHED,2026-05-01 01:16:39.161,2026-05-01 06:21:24.833,active,lucanidae_classifier,active,efficientnet_b3,16,19.26,0.2,0.3,0.0001,10,100,10.71,bbox,42,species_only,0.6956521739130435,0.6314777513275958,0.35024160697408346,0.0,0.2608695652173913,0.8333333333333334,0.2222222222222222,0.7536231884057971,0.6666666666666666,0.23529411764705882,0.782608695652174,0.8,0.8468468468468469,,,,,,,1.0000000000000004e-08,0.5401464635991491,0.5604852298731017,0.7302765804597701,,,,,0.0,0.15,0.8695652173913043,0.125,0.8666666666666667,0.8421052631578947,0.13333333333333333,0.8181818181818182,0.8,1.0,0.0,1.0,0.8,1.0,0.6666666666666666,0.5517241379310345,1.0,0.75,0.8,0.734375,,,,0.7565217391304347,0.8792822185970636,2.649360268449187,0.6739130434782609,4.008194355342699,0.7498201804606788,0.8550870937009133,0.6956521739130435
01a93ef2cd6144d9aa7b2701da2400f5,efficientnet_bbox_SO_s123,1,FINISHED,2026-05-01 06:21:39.425,2026-05-01 14:07:23.575,active,lucanidae_classifier,active,efficientnet_b3,16,16.89,0.2,0.3,0.0001,10,100,10.71,bbox,123,species_only,0.7434782608695653,0.6845653184565319,0.40306042899256167,0.0,0.3333333333333333,0.7692307692307693,0.2222222222222222,0.7737226277372263,0.76,0.2222222222222222,0.8333333333333334,0.7777777777777778,0.9090909090909091,,,,,,,1.0000000000000004e-08,0.5600933194947794,0.5675386677616829,0.7194034593280283,,,,,0.0,0.2,0.7407407407407407,0.13333333333333333,0.8983050847457628,0.9047619047619048,0.125,0.8333333333333334,0.875,0.9649122807017544,0.0,1.0,0.8,0.6666666666666666,0.6794871794871795,0.6551724137931034,1.0,0.8333333333333334,0.7,0.859375,,,,0.7913043478260869,0.9651984774333876,2.6516332571891548,0.7304347826086957,3.991688977117124,0.7812688750651302,0.8546904188334588,0.7434782608695653
671e1476e6434ffea7f77ceb7fb6a660,efficientnet_bbox_SO_s456,1,FINISHED,2026-05-01 14:07:41.629,2026-05-01 20:58:13.485,active,lucanidae_classifier,active,efficientnet_b3,16,21.57,0.2,0.3,0.0001,10,100,10.71,bbox,456,species_only,0.7217391304347827,0.6573317503550062,0.3640281121367994,0.0,0.35294117647058826,0.7450980392156863,0.19047619047619047,0.7769784172661871,0.7407407407407407,0.3076923076923077,0.8,0.7777777777777778,0.8305084745762712,,,,,,,1.0000000000000002e-07,0.5522213124215749,0.5474868316261758,0.7107587864721486,,,,,0.0,0.21428571428571427,0.7307692307692307,0.1111111111111111,0.8852459016393442,0.8,0.18181818181818182,0.7692307692307693,0.875,0.9074074074074074,0.0,1.0,0.76,0.6666666666666666,0.6923076923076923,0.6896551724137931,1.0,0.8333333333333334,0.7,0.765625,,,,0.8,0.9119086460032626,2.622291295537487,0.6869565217391305,3.9937041987543522,0.754300895110958,0.8170133967033468,0.7217391304347827
dedec06756e34f8583b5681d5e9f7198,efficientnet_bbox_MT_s42,1,FINISHED,2026-05-01 20:58:29.555,2026-05-02 01:10:06.531,active,lucanidae_classifier,active,efficientnet_b3,16,23.4,0.2,0.3,0.0001,10,100,10.72,bbox,42,multi_task,0.6956521739130435,0.6286386492595839,0.3337330032301986,0.0,0.2222222222222222,0.7916666666666666,0.3,0.7299270072992701,0.6808510638297872,0.2857142857142857,0.8,0.7777777777777778,0.847457627118644,1.0,1.0,1.0,0.47058823529411764,0.07391304347826087,0.35555555555555557,1.0000000000000002e-07,0.5435616650628654,0.5600727422587928,0.7267333112290009,0.6666666666666666,0.75,0.75,0.7647058823529411,0.0,0.125,0.8260869565217391,0.17647058823529413,0.847457627118644,0.8888888888888888,0.16666666666666666,0.7692307692307693,0.875,0.9259259259259259,0.0,1.0,0.76,1.0,0.6410256410256411,0.5517241379310345,1.0,0.8333333333333334,0.7,0.78125,0.8888888888888888,0.11739130434782609,0.8781954887218044,0.7913043478260869,0.8336052202283849,2.6844586257768626,0.6304347826086957,4.199178289330524,0.7401035445153904,0.8304757399745356,0.6956521739130435
8cf49be485b2417a9611df4e92e7cc2d,efficientnet_bbox_MT_s123,1,FINISHED,2026-05-02 01:10:17.210,2026-05-02 07:02:56.801,active,lucanidae_classifier,active,efficientnet_b3,16,13.45,0.2,0.3,0.0001,10,100,10.72,bbox,123,multi_task,0.691304347826087,0.6242608315501255,0.3583479919511338,0.0,0.2222222222222222,0.8444444444444444,0.18181818181818182,0.7536231884057971,0.6382978723404256,0.25,0.8461538461538461,0.8888888888888888,0.8103448275862069,0.8,0.6666666666666666,0.8,0.47058823529411764,0.07391304347826087,0.3703703703703704,1.0000000000000004e-08,0.5435793471860013,0.5712680740312319,0.7061616379310345,0.6666666666666666,0.5,1.0,0.7647058823529411,0.0,0.125,0.95,0.10526315789473684,0.8666666666666667,0.8333333333333334,0.14285714285714285,0.7857142857142857,1.0,0.9038461538461539,0.0,1.0,0.76,0.6666666666666666,0.6666666666666666,0.5172413793103449,1.0,0.9166666666666666,0.8,0.734375,1.0,0.11739130434782609,1.0,0.7478260869565218,0.9146275149537791,2.623293803787024,0.6695652173913044,4.148672095589016,0.7435707970652571,0.8424691117425671,0.691304347826087
55708424cefc49fea0a4e73a888e0140,efficientnet_bbox_MT_s456,1,FINISHED,2026-05-02 07:03:07.135,2026-05-02 11:49:46.631,active,lucanidae_classifier,active,efficientnet_b3,16,21.05,0.2,0.3,0.0001,10,100,10.72,bbox,456,multi_task,0.691304347826087,0.6261104496748786,0.3326835592155872,0.0,0.1935483870967742,0.8163265306122449,0.2857142857142857,0.6666666666666666,0.6923076923076923,0.23529411764705882,0.782608695652174,0.8421052631578947,0.8870967741935484,0.8,1.0,0.9,0.4117647058823529,0.07391304347826087,0.2962962962962963,1.0000000000000002e-06,0.540166841304834,0.5536973775017253,0.7035192860300619,0.6666666666666666,0.5,0.75,0.7058823529411765,0.0,0.10714285714285714,0.8333333333333334,0.18181818181818182,0.875,0.782608695652174,0.13333333333333333,0.8181818181818182,0.8888888888888888,0.9166666666666666,0.0,1.0,0.8,0.6666666666666666,0.5384615384615384,0.6206896551724138,1.0,0.75,0.8,0.859375,0.9629629629629629,0.11739130434782609,0.961038961038961,0.7695652173913043,0.8787384448069602,2.7190179426816576,0.6695652173913044,4.168066626009733,0.7346957092336897,0.8273316202805806,0.691304347826087
76f9a14f56f54203850a659f713dba37,efficientnet_seg_hard_SO_s42,1,FINISHED,2026-05-02 11:49:56.973,2026-05-02 17:14:49.292,active,lucanidae_classifier,active,efficientnet_b3,16,14.93,0.2,0.3,0.0001,10,100,10.71,seg_hard,42,species_only,0.6782608695652174,0.605479706080063,0.32232268251802615,0.0,0.3157894736842105,0.6885245901639344,0.15384615384615385,0.7076923076923077,0.7307692307692307,0.2857142857142857,0.8181818181818182,0.5333333333333333,0.8225806451612904,,,,,,,1.0000000000000002e-07,0.5056431838546565,0.5298202341137124,0.6365124336870027,,,,,0.0,0.1875,0.5833333333333334,0.1,0.8846153846153846,0.8260869565217391,0.16666666666666666,0.9,0.8,0.85,0.0,1.0,0.84,0.3333333333333333,0.5897435897435898,0.6551724137931034,1.0,0.75,0.4,0.796875,,,,0.7217391304347827,0.8890701468189233,2.5895643866924307,0.6608695652173913,4.178038787841797,0.7103584101837541,0.791024732199118,0.6782608695652174
c68a6a2c5eaa44f5a8c89de3cb67669b,efficientnet_seg_hard_SO_s123,1,FINISHED,2026-05-02 17:14:59.323,2026-05-02 22:48:41.706,active,lucanidae_classifier,active,efficientnet_b3,16,19.94,0.2,0.3,0.0001,10,100,10.71,seg_hard,123,species_only,0.6739130434782609,0.6006852010463206,0.3470868733914003,0.0,0.23076923076923078,0.7368421052631579,0.2,0.7131782945736435,0.6956521739130435,0.4,0.75,0.5333333333333333,0.8125,,,,,,,1.0000000000000002e-06,0.5072275137852409,0.5359969096334186,0.6610634394341292,,,,,0.0,0.13043478260869565,0.65625,0.11764705882352941,0.9019607843137255,0.9411764705882353,0.25,0.75,0.8,0.8125,0.0,1.0,0.84,0.6666666666666666,0.5897435897435898,0.5517241379310345,1.0,0.75,0.4,0.8125,,,,0.7304347826086957,0.9249592169657421,2.521170872848536,0.6608695652173913,4.143171700187351,0.7071674507714887,0.8012937145557656,0.6739130434782609
7da8c29a4ecd44648cb1aa3de03ee539,efficientnet_seg_hard_SO_s456,1,FINISHED,2026-05-02 22:48:52.237,2026-05-03 02:09:34.340,active,lucanidae_classifier,active,efficientnet_b3,16,19.96,0.2,0.3,0.0001,10,100,10.71,seg_hard,456,species_only,0.6130434782608696,0.5369511615807452,0.2675796793206878,0.0,0.24,0.7307692307692307,0.19047619047619047,0.6129032258064516,0.6666666666666666,0.2222222222222222,0.8148148148148148,0.5714285714285714,0.7692307692307693,,,,,,,0.0001,0.48185116914149173,0.5257382617534381,0.6519844717064545,,,,,0.0,0.13636363636363635,0.7037037037037037,0.1111111111111111,0.8260869565217391,0.7727272727272727,0.125,0.7333333333333333,1.0,0.8490566037735849,0.0,1.0,0.76,0.6666666666666666,0.48717948717948717,0.5862068965517241,1.0,0.9166666666666666,0.4,0.703125,,,,0.7086956521739131,0.9026644915715062,2.691118681929953,0.6086956521739131,4.141976754561714,0.6602944411051003,0.7763848391057079,0.6130434782608696
8232cb1fe7224293a92d495d85f33238,efficientnet_seg_hard_MT_s42,1,FINISHED,2026-05-03 02:09:44.638,2026-05-03 06:17:56.562,active,lucanidae_classifier,active,efficientnet_b3,16,16.27,0.2,0.3,0.0001,10,100,10.72,seg_hard,42,multi_task,0.6434782608695653,0.5639205530763718,0.2952742758004563,0.0,0.1875,0.6274509803921569,0.11764705882352941,0.7638888888888888,0.6808510638297872,0.23529411764705882,0.8181818181818182,0.5714285714285714,0.7567567567567568,1.0,1.0,1.0,0.5882352941176471,0.07391304347826087,0.45925925925925926,1.0000000000000002e-07,0.4758999255948567,0.5439434039507407,0.6036435676392573,0.6666666666666666,0.75,0.75,0.7647058823529411,0.0,0.10344827586206896,0.6153846153846154,0.07142857142857142,0.8333333333333334,0.8888888888888888,0.13333333333333333,0.9,1.0,0.8936170212765957,0.0,1.0,0.64,0.3333333333333333,0.7051282051282052,0.5517241379310345,1.0,0.75,0.4,0.65625,0.9259259259259259,0.11739130434782609,0.9166666666666666,0.7347826086956522,0.8249048395867319,2.6674899094256452,0.6260869565217392,4.315222300653872,0.6972400785689815,0.8041094770984081,0.6434782608695652
91670c336b7845f8b8392a345ab38014,efficientnet_seg_hard_MT_s123,1,FINISHED,2026-05-03 06:18:06.867,2026-05-03 10:54:28.559,active,lucanidae_classifier,active,efficientnet_b3,16,13.73,0.2,0.3,0.0001,10,100,10.72,seg_hard,123,multi_task,0.6608695652173913,0.5942920464053913,0.32594560151514795,0.0,0.15384615384615385,0.8235294117647058,0.25,0.6829268292682927,0.6938775510204082,0.26666666666666666,0.8275862068965517,0.5714285714285714,0.8235294117647058,0.8,0.6666666666666666,0.8,0.47058823529411764,0.07391304347826087,0.37789661319073087,1.0000000000000002e-06,0.5093390802656056,0.5578842725901549,0.679696010167993,0.6666666666666666,0.25,1.0,0.7058823529411765,0.0,0.08333333333333333,0.8076923076923077,0.15384615384615385,0.9333333333333333,0.85,0.15384615384615385,0.7058823529411765,1.0,0.8909090909090909,0.0,1.0,0.84,0.6666666666666666,0.5384615384615384,0.5862068965517241,1.0,1.0,0.4,0.765625,0.9259259259259259,0.11739130434782609,0.9205882352941177,0.7391304347826086,0.8754758020663403,2.6611272593825457,0.6565217391304348,4.311413980566937,0.7133697882673635,0.8441317761522364,0.6608695652173913
f9184dcfa7fe41ed884ec7a0cc7b1c53,efficientnet_seg_hard_MT_s456,1,FINISHED,2026-05-03 10:54:38.764,2026-05-03 14:42:25.603,active,lucanidae_classifier,active,efficientnet_b3,16,17.12,0.2,0.3,0.0001,10,100,10.72,seg_hard,456,multi_task,0.6304347826086957,0.5576622847704595,0.2935288043773692,0.18181818181818182,0.2608695652173913,0.6938775510204082,0.13333333333333333,0.6721311475409836,0.6938775510204082,0.25,0.8695652173913043,0.5333333333333333,0.7868852459016393,0.8,1.0,0.9,0.4117647058823529,0.07391304347826087,0.35714285714285715,1.0000000000000002e-06,0.5075691126576983,0.5536616990927336,0.669184792219275,0.6666666666666666,0.25,0.75,0.6470588235294118,0.14285714285714285,0.15,0.7083333333333334,0.07407407407407407,0.9318181818181818,0.85,0.14285714285714285,0.9090909090909091,0.8,0.8275862068965517,0.25,1.0,0.68,0.6666666666666666,0.5256410256410257,0.5862068965517241,1.0,0.8333333333333334,0.4,0.75,0.8888888888888888,0.11739130434782609,0.8781954887218044,0.7130434782608696,0.8553561718325176,2.7113740445479806,0.5956521739130435,4.323864584383757,0.6888446537650329,0.8193222814999426,0.6304347826086957
2aaa05b78d724930b7da9792468267ed,efficientnet_seg_soft_SO_s42,1,FINISHED,2026-05-03 14:42:35.717,2026-05-03 20:03:49.392,active,lucanidae_classifier,active,efficientnet_b3,16,15.6,0.2,0.3,0.0001,10,100,10.71,seg_soft,42,species_only,0.6956521739130435,0.6264501160092808,0.3776302269619444,0.0,0.25,0.8076923076923077,0.26666666666666666,0.782608695652174,0.6938775510204082,0.25,0.72,0.5333333333333333,0.8067226890756303,,,,,,,1.0000000000000004e-08,0.511090124344052,0.5345193695193695,0.6685181255526084,,,,,0.0,0.14285714285714285,0.7777777777777778,0.16666666666666666,0.9,0.85,0.14285714285714285,0.6923076923076923,0.8,0.8727272727272727,0.0,1.0,0.84,0.6666666666666666,0.6923076923076923,0.5862068965517241,1.0,0.75,0.4,0.75,,,,0.7608695652173914,0.9032082653616095,2.587830867373211,0.6739130434782609,4.102116410628609,0.7348340015954032,0.8159607300911649,0.6956521739130435
7e38bd9c24e14c48b4f264b4e10170c0,efficientnet_seg_soft_SO_s123,1,FINISHED,2026-05-03 20:03:59.617,2026-05-04 01:33:35.527,active,lucanidae_classifier,active,efficientnet_b3,16,18.94,0.2,0.3,0.0001,10,100,10.71,seg_soft,123,species_only,0.6695652173913044,0.5959035531821439,0.3412409494104593,0.0,0.25,0.8235294117647058,0.21052631578947367,0.7299270072992701,0.6666666666666666,0.2222222222222222,0.8333333333333334,0.5714285714285714,0.7833333333333333,,,,,,,1.0000000000000002e-07,0.5090966861837576,0.5658126125287143,0.6632642020335987,,,,,0.0,0.14285714285714285,0.8076923076923077,0.125,0.847457627118644,0.9375,0.125,0.8333333333333334,1.0,0.8392857142857143,0.0,1.0,0.84,0.6666666666666666,0.6410256410256411,0.5172413793103449,1.0,0.8333333333333334,0.4,0.734375,,,,0.7260869565217392,0.9140837411636759,2.52429733281553,0.6478260869565218,4.143083116282588,0.7153457288531563,0.8184754771757351,0.6695652173913044
79750ebaf2ba45e581c43ffa68d35722,efficientnet_seg_soft_SO_s456,1,FINISHED,2026-05-04 01:33:45.640,2026-05-04 06:33:43.243,active,lucanidae_classifier,active,efficientnet_b3,16,13.58,0.2,0.3,0.0001,10,100,10.71,seg_soft,456,species_only,0.682608695652174,0.6115494065659488,0.3526879292467366,0.0,0.25,0.7407407407407407,0.18181818181818182,0.7591240875912408,0.68,0.19047619047619047,0.7407407407407407,0.5714285714285714,0.8205128205128205,,,,,,,1.0000000000000002e-06,0.4934841333308486,0.532598225891803,0.6369540229885058,,,,,0.0,0.14285714285714285,0.6896551724137931,0.125,0.8813559322033898,0.8095238095238095,0.10526315789473684,0.6666666666666666,1.0,0.9056603773584906,0.0,1.0,0.8,0.3333333333333333,0.6666666666666666,0.5862068965517241,1.0,0.8333333333333334,0.4,0.75,,,,0.7260869565217392,0.9303969548667753,2.6427973103691795,0.6608695652173913,4.107958283631698,0.7227939104045101,0.8106073669291479,0.6826086956521739
0cfb4194006d489eb4429581c816b1ec,efficientnet_seg_soft_MT_s42,1,FINISHED,2026-05-04 06:33:53.430,2026-05-04 10:38:19.519,active,lucanidae_classifier,active,efficientnet_b3,16,12.35,0.2,0.3,0.0001,10,100,10.72,seg_soft,42,multi_task,0.6391304347826087,0.5643839992697899,0.2931261069100836,0.0,0.2,0.7659574468085106,0.09090909090909091,0.746268656716418,0.68,0.2222222222222222,0.8181818181818182,0.5714285714285714,0.7543859649122807,0.8,1.0,0.9,0.5294117647058824,0.07391304347826087,0.3925925925925926,1.0000000000000002e-07,0.48493537711789114,0.556930546062125,0.6102440870910699,0.6666666666666666,0.5,0.75,0.7058823529411765,0.0,0.1111111111111111,0.8181818181818182,0.05263157894736842,0.8928571428571429,0.8095238095238095,0.125,0.9,1.0,0.86,0.0,1.0,0.72,0.3333333333333333,0.6410256410256411,0.5862068965517241,1.0,0.75,0.4,0.671875,0.9259259259259259,0.11739130434782609,0.9205882352941177,0.7391304347826086,0.8194671016856987,2.675462016857079,0.6043478260869565,4.250743832795516,0.705253184339646,0.8267600919294283,0.6391304347826087
b5a9a5b1e8274b22b3ac0a14291b4a55,efficientnet_seg_soft_MT_s123,1,FINISHED,2026-05-04 10:38:29.570,2026-05-04 16:03:05.002,active,lucanidae_classifier,active,efficientnet_b3,16,12.82,0.2,0.3,0.0001,10,100,10.72,seg_soft,123,multi_task,0.6478260869565218,0.5750553135193084,0.301331861446733,0.0,0.2608695652173913,0.7843137254901961,0.2222222222222222,0.7022900763358778,0.6666666666666666,0.18181818181818182,0.7692307692307693,0.5714285714285714,0.782608695652174,1.0,1.0,1.0,0.5882352941176471,0.07391304347826087,0.4456140350877193,1.0000000000000004e-08,0.494144847406205,0.5389854559055447,0.6579075486295315,0.6666666666666666,0.5,0.75,0.7058823529411765,0.0,0.15,0.7692307692307693,0.13333333333333333,0.8679245283018868,0.7727272727272727,0.1,0.7142857142857143,1.0,0.8823529411764706,0.0,1.0,0.8,0.6666666666666666,0.5897435897435898,0.5862068965517241,1.0,0.8333333333333334,0.4,0.703125,0.8888888888888888,0.11739130434782609,0.8831168831168831,0.7347826086956522,0.8781946710168569,2.7107632680066325,0.6086956521739131,4.237847187208093,0.6981075026849392,0.8062173484962174,0.6478260869565218
f593a3ded6f040b9865f08ed114608f0,efficientnet_seg_soft_MT_s456,1,FINISHED,2026-05-04 16:03:19.777,2026-05-04 20:55:31.028,active,lucanidae_classifier,active,efficientnet_b3,16,19.38,0.2,0.3,0.0001,10,100,10.72,seg_soft,456,multi_task,0.682608695652174,0.6139697429530511,0.3451185227736183,0.0,0.24,0.7916666666666666,0.2222222222222222,0.7851851851851852,0.6530612244897959,0.16666666666666666,0.8333333333333334,0.5333333333333333,0.8135593220338984,1.0,0.6666666666666666,0.9,0.4117647058823529,0.07391304347826087,0.32941176470588235,1.0000000000000002e-07,0.5039027953931102,0.5438739800753531,0.6641211317418214,0.6666666666666666,0.25,0.75,0.6470588235294118,0.0,0.13636363636363635,0.8260869565217391,0.13333333333333333,0.9298245614035088,0.8,0.09090909090909091,0.8333333333333334,0.8,0.8888888888888888,0.0,1.0,0.76,0.6666666666666666,0.6794871794871795,0.5517241379310345,1.0,0.8333333333333334,0.4,0.75,0.9629629629629629,0.11739130434782609,0.9593984962406015,0.7478260869565218,0.8667754214246872,2.7449885432392183,0.6347826086956522,4.256559964884882,0.7352000720209478,0.8359055986187615,0.6826086956521739
89537c50fc994b758bb9a6840ca9ccaf,swin_full_SO_s42,1,FINISHED,2026-05-04 20:55:45.402,2026-05-04 22:00:25.398,active,lucanidae_classifier,active,swin_tiny,16,17.4,0.2,0.3,0.0001,10,100,27.53,full,42,species_only,0.7474747474747475,0.6873717118767171,0.3821915555933509,0.0,0.2,0.8571428571428571,0.3076923076923077,0.7619047619047619,0.8085106382978723,0.26666666666666666,0.8571428571428571,1.0,0.8775510204081632,,,,,,,1.0000000000000002e-07,0.5936611109255486,0.605807329924977,0.7474708624708625,,,,,0.0,0.11764705882352941,1.0,0.18181818181818182,0.8,0.9047619047619048,0.15384615384615385,0.9,1.0,1.0,0.0,0.6666666666666666,0.75,1.0,0.7272727272727273,0.7307692307692307,1.0,0.8181818181818182,1.0,0.7818181818181819,,,,0.797979797979798,0.9143576826196473,2.3841339172584286,0.7373737373737375,3.576963949685145,0.7895000755183126,0.8648892897556001,0.7474747474747475
e5157128e9b04d6098650a1f774b3fd5,swin_full_SO_s123,1,FINISHED,2026-05-04 22:00:39.084,2026-05-04 23:25:06.037,active,lucanidae_classifier,active,swin_tiny,16,19.31,0.2,0.3,0.0001,10,100,27.53,full,123,species_only,0.7828282828282829,0.7289225674987264,0.40738705899378264,0.0,0.19047619047619047,0.8888888888888888,0.6666666666666666,0.7936507936507936,0.8333333333333334,0.3076923076923077,0.9090909090909091,1.0,0.8712871287128713,,,,,,,1.0000000000000004e-08,0.646108621851196,0.6353347135955831,0.7735897435897436,,,,,0.0,0.1111111111111111,0.9523809523809523,0.5,0.8333333333333334,0.9090909090909091,0.18181818181818182,0.9090909090909091,1.0,0.9565217391304348,0.0,0.6666666666666666,0.8333333333333334,1.0,0.7575757575757576,0.7692307692307693,1.0,0.9090909090909091,1.0,0.8,,,,0.797979797979798,0.9130982367758186,2.4473013685692466,0.7777777777777778,3.599248534501201,0.8122317726278122,0.8626220800133844,0.7828282828282829
a44f9bb0a7fb49af80181d3b6ecd14d1,swin_full_SO_s456,1,FINISHED,2026-05-04 23:25:19.649,2026-05-05 00:40:50.631,active,lucanidae_classifier,active,swin_tiny,16,18.18,0.2,0.3,0.0001,10,100,27.53,full,456,species_only,0.797979797979798,0.7456320657759508,0.4212798495786359,0.0,0.3333333333333333,0.8085106382978723,0.4,0.8307692307692308,0.8846153846153846,0.18181818181818182,0.8571428571428571,1.0,0.8686868686868687,,,,,,,1.0000000000000002e-07,0.6164876494663728,0.6015058401743185,0.7261130536130536,,,,,0.0,0.2222222222222222,0.8260869565217391,0.25,0.84375,0.8846153846153846,0.1111111111111111,0.9,1.0,0.9772727272727273,0.0,0.6666666666666666,0.7916666666666666,1.0,0.8181818181818182,0.8846153846153846,0.5,0.8181818181818182,1.0,0.7818181818181819,,,,0.8484848484848485,0.948992443324937,2.310713703746459,0.787878787878788,3.5580909372580174,0.8161869197974936,0.851275130532377,0.797979797979798
54194cf6a0fa4c0a83fca4ae3994f900,swin_full_MT_s42,1,FINISHED,2026-05-05 00:41:04.674,2026-05-05 01:49:57.273,active,lucanidae_classifier,active,swin_tiny,16,17.84,0.2,0.3,0.0001,10,100,27.53,full,42,multi_task,0.7272727272727273,0.6608943862987631,0.37671483902618136,0.0,0.2857142857142857,0.8,0.36363636363636365,0.8208955223880597,0.6341463414634146,0.19047619047619047,0.8333333333333334,1.0,0.8043478260869565,1.0,0.6666666666666666,0.9090909090909091,0.6111111111111112,0.09090909090909091,0.4357864357864358,1.0000000000000002e-06,0.5732549863098605,0.5811167384387199,0.7331818181818182,0.6666666666666666,1.0,1.0,0.8333333333333334,0.0,0.18181818181818182,0.8571428571428571,0.2222222222222222,0.8088235294117647,0.8666666666666667,0.10526315789473684,0.7692307692307693,1.0,1.0,0.0,0.6666666666666666,0.75,1.0,0.8333333333333334,0.5,1.0,0.9090909090909091,1.0,0.6727272727272727,0.9655172413793104,0.14646464646464646,0.9639751552795031,0.797979797979798,0.8803526448362721,2.5490074938430594,0.7070707070707072,3.7777568980900926,0.7587781536488786,0.839136760672552,0.7272727272727273
7fd19c7d7ceb4597a5c92ab9b7bf7e32,swin_full_MT_s123,1,FINISHED,2026-05-05 01:50:09.350,2026-05-05 02:44:51.840,active,lucanidae_classifier,active,swin_tiny,16,16.82,0.2,0.3,0.0001,10,100,27.53,full,123,multi_task,0.7727272727272728,0.71994342291372,0.3862360040045748,0.0,0.3,0.8837209302325582,0.26666666666666666,0.8032786885245902,0.8333333333333334,0.3076923076923077,0.9090909090909091,1.0,0.8686868686868687,0.8333333333333334,1.0,0.9090909090909091,0.6111111111111112,0.09090909090909091,0.4666666666666666,1.0000000000000002e-06,0.6172469704227234,0.6182589469354175,0.799423076923077,0.6666666666666666,0.8,1.0,0.8333333333333334,0.0,0.17647058823529413,1.0,0.15384615384615385,0.875,0.9090909090909091,0.18181818181818182,0.9090909090909091,1.0,0.9772727272727273,0.0,1.0,0.7916666666666666,1.0,0.7424242424242424,0.7692307692307693,1.0,0.9090909090909091,1.0,0.7818181818181819,0.9655172413793104,0.14646464646464646,0.9626769626769627,0.8181818181818182,0.8954659949622166,2.461225601527793,0.7626262626262627,3.777133301050976,0.8117114048553876,0.8855409296585767,0.7727272727272727
ac6c42e9d08e4ab6993b394a93bb9bfe,swin_full_MT_s456,1,FINISHED,2026-05-05 02:45:06.669,2026-05-05 03:56:48.699,active,lucanidae_classifier,active,swin_tiny,16,19.73,0.2,0.3,0.0001,10,100,27.53,full,456,multi_task,0.7727272727272728,0.7196085218868993,0.4101059873296756,0.0,0.4,0.8936170212765957,0.26666666666666666,0.7933884297520661,0.8260869565217391,0.3076923076923077,0.8695652173913043,0.9090909090909091,0.86,0.8333333333333334,1.0,0.9090909090909091,0.6111111111111112,0.09090909090909091,0.4666666666666666,1.0000000000000004e-08,0.612610750839159,0.59436573088747,0.8023951048951048,0.6666666666666666,0.8,1.0,0.8333333333333334,0.0,0.25,0.9130434782608695,0.15384615384615385,0.8727272727272727,0.95,0.18181818181818182,0.8333333333333334,0.8333333333333334,0.9555555555555556,0.0,1.0,0.875,1.0,0.7272727272727273,0.7307692307692307,1.0,0.9090909090909091,1.0,0.7818181818181819,0.9655172413793104,0.14646464646464646,0.9626769626769627,0.8181818181818182,0.9319899244332494,2.4236731505213815,0.7575757575757577,3.7809781016725483,0.8032732102490744,0.8662790961539315,0.7727272727272727
1457b16aea964db6ac2e3027310cc327,swin_bbox_SO_s42,1,FINISHED,2026-05-05 03:57:05.363,2026-05-05 04:42:45.055,active,lucanidae_classifier,active,swin_tiny,16,24.98,0.2,0.3,0.0001,10,100,27.53,bbox,42,species_only,0.591304347826087,0.5193739857279416,0.2271764755249024,0.0,0.1875,0.7272727272727273,0.12903225806451613,0.64,0.6666666666666666,0.17391304347826086,0.72,0.9,0.7289719626168224,,,,,,,1.0000000000000002e-06,0.48733566580989934,0.5304673735125498,0.6630586317418214,,,,,0.0,0.10344827586206896,0.8421052631578947,0.07142857142857142,0.851063829787234,0.8421052631578947,0.09523809523809523,0.6923076923076923,0.9,0.9069767441860465,0.0,1.0,0.64,0.6666666666666666,0.5128205128205128,0.5517241379310345,1.0,0.75,0.9,0.609375,,,,0.6739130434782609,0.8015225666122893,2.7518172938905376,0.5869565217391305,4.0559292129848314,0.665333826016427,0.8170694504429477,0.591304347826087
86b32a9b65e14ab9a8692379a7125cad,swin_bbox_SO_s123,1,FINISHED,2026-05-05 04:43:01.036,2026-05-05 05:47:22.340,active,lucanidae_classifier,active,swin_tiny,16,23.15,0.2,0.3,0.0001,10,100,27.53,bbox,123,species_only,0.6347826086956522,0.5648844646637539,0.3052781306531118,0.0,0.20689655172413793,0.875,0.12903225806451613,0.7014925373134329,0.68,0.21052631578947367,0.8571428571428571,0.8235294117647058,0.7307692307692307,,,,,,,1.0000000000000004e-08,0.5214389162568354,0.581631324770711,0.6739187665782493,,,,,0.0,0.11538461538461539,0.9130434782608695,0.07142857142857142,0.8392857142857143,0.8095238095238095,0.11764705882352941,1.0,1.0,0.95,0.0,1.0,0.84,0.6666666666666666,0.6025641025641025,0.5862068965517241,1.0,0.75,0.7,0.59375,,,,0.691304347826087,0.8803697661772701,2.597536356958635,0.6260869565217392,4.028045621125594,0.7088282441042817,0.8494012905438459,0.6347826086956522
735483d491a94942ae6220f5e55a41b2,swin_bbox_SO_s456,1,FINISHED,2026-05-05 05:47:38.270,2026-05-05 06:40:45.854,active,lucanidae_classifier,active,swin_tiny,16,23.43,0.2,0.3,0.0001,10,100,27.53,bbox,456,species_only,0.6478260869565218,0.5814047544151351,0.29398221043141,0.0,0.2222222222222222,0.7777777777777778,0.14814814814814814,0.703125,0.72,0.2,0.8333333333333334,0.8888888888888888,0.7476635514018691,,,,,,,1e-05,0.524115892177224,0.5564291124094652,0.6962612732095491,,,,,0.0,0.125,0.7241379310344828,0.08333333333333333,0.9,0.8571428571428571,0.1111111111111111,0.8333333333333334,1.0,0.9302325581395349,0.0,1.0,0.84,0.6666666666666666,0.5769230769230769,0.6206896551724138,1.0,0.8333333333333334,0.8,0.625,,,,0.7086956521739131,0.8749320282762371,2.6389793623654074,0.6434782608695653,4.015205748184868,0.710515920583322,0.8414899872876407,0.6478260869565218
d182f45bc3ba4ad08bdd9c89f0a33f97,swin_bbox_MT_s42,1,FINISHED,2026-05-05 06:41:01.380,2026-05-05 07:19:55.905,active,lucanidae_classifier,active,swin_tiny,16,24.53,0.2,0.3,0.0001,10,100,27.53,bbox,42,multi_task,0.6173913043478261,0.5409910420682618,0.24923692410406859,0.0,0.3333333333333333,0.8444444444444444,0.14285714285714285,0.6814814814814815,0.6666666666666666,0.17391304347826086,0.625,0.7368421052631579,0.6851851851851852,0.8,1.0,0.9,0.47058823529411764,0.07391304347826087,0.36274509803921573,1e-05,0.4889723402709672,0.5093047770942507,0.6679592727674625,0.6666666666666666,0.5,0.75,0.7058823529411765,0.0,0.2,0.95,0.08,0.8070175438596491,0.8421052631578947,0.09523809523809523,0.5,0.7777777777777778,0.8409090909090909,0.0,1.0,0.76,0.6666666666666666,0.5897435897435898,0.5517241379310345,1.0,0.8333333333333334,0.7,0.578125,0.8888888888888888,0.11739130434782609,0.8863955119214586,0.7304347826086957,0.8042414355628058,2.7569155288559384,0.5652173913043478,4.229441344219706,0.6699855235652669,0.7814993775611624,0.6173913043478261
07842689cfe7493293a438221faa046b,swin_bbox_MT_s123,1,FINISHED,2026-05-05 07:20:12.907,2026-05-05 08:01:18.063,active,lucanidae_classifier,active,swin_tiny,16,24.02,0.2,0.3,0.0001,10,100,27.53,bbox,123,multi_task,0.6130434782608696,0.5405884597257444,0.25827708684879797,0.0,0.17142857142857143,0.7441860465116279,0.16,0.6984126984126984,0.625,0.16666666666666666,0.8181818181818182,0.75,0.7719298245614035,0.6,0.6666666666666666,0.7,0.5294117647058824,0.07391304347826087,0.404040404040404,1.0000000000000002e-06,0.4905805625762786,0.5650597421584262,0.6425510610079576,0.6666666666666666,0.5,0.75,0.7058823529411765,0.0,0.09375,0.8888888888888888,0.09090909090909091,0.9166666666666666,0.7894736842105263,0.09090909090909091,0.9,1.0,0.88,0.0,1.0,0.64,0.6666666666666666,0.5641025641025641,0.5172413793103449,1.0,0.75,0.6,0.6875,0.8148148148148148,0.11739130434782609,0.8051948051948052,0.7260869565217392,0.8238172920065252,2.7331746508078187,0.591304347826087,4.280063173045283,0.6924137012030951,0.8455337152994475,0.6130434782608696
a78d8ebc25884f4cbc604ea8c40d5519,swin_bbox_MT_s456,1,FINISHED,2026-05-05 08:01:33.176,2026-05-05 09:25:40.499,active,lucanidae_classifier,active,swin_tiny,16,23.0,0.2,0.3,0.0001,10,100,27.53,bbox,456,multi_task,0.6043478260869565,0.5348061877667141,0.2717222903085791,0.0,0.17142857142857143,0.8260869565217391,0.125,0.6290322580645161,0.6938775510204082,0.2222222222222222,0.75,0.7,0.7663551401869159,0.8,0.6666666666666666,0.8,0.5294117647058824,0.07391304347826087,0.4222222222222222,1.0000000000000002e-07,0.4884002699444373,0.5293791881052828,0.6603498563218391,0.6666666666666666,0.25,0.75,0.6470588235294118,0.0,0.09375,0.9047619047619048,0.06896551724137931,0.8478260869565217,0.85,0.125,0.75,0.7,0.9534883720930233,0.0,1.0,0.76,0.6666666666666666,0.5,0.5862068965517241,1.0,0.75,0.7,0.640625,0.8888888888888888,0.11739130434782609,0.8831168831168831,0.6826086956521739,0.8564437194127242,2.628498392302164,0.5739130434782609,4.265075625544009,0.6792156441406971,0.831134281597104,0.6043478260869565
dbbc5f79e783456d87e07096c19bca26,swin_seg_hard_SO_s42,1,FINISHED,2026-05-05 09:25:51.903,2026-05-05 10:03:51.052,active,lucanidae_classifier,active,swin_tiny,16,12.72,0.2,0.3,0.0001,10,100,27.53,seg_hard,42,species_only,0.5956521739130435,0.5206507854693768,0.2440830053194709,0.0,0.16666666666666666,0.6792452830188679,0.12903225806451613,0.6456692913385826,0.6382978723404256,0.3076923076923077,0.7692307692307693,0.5714285714285714,0.7777777777777778,,,,,,,1.0000000000000002e-06,0.4685040797558485,0.532591218305504,0.6319132404951371,,,,,0.0,0.09090909090909091,0.6428571428571429,0.07142857142857142,0.8367346938775511,0.8333333333333334,0.18181818181818182,0.7142857142857143,1.0,0.9545454545454546,0.0,1.0,0.72,0.6666666666666666,0.5256410256410257,0.5172413793103449,1.0,0.8333333333333334,0.4,0.65625,,,,0.6652173913043479,0.809679173463839,2.7241972750979575,0.5869565217391305,4.1640243737593945,0.661214300913758,0.808766905971875,0.5956521739130435
424446f81e4643aaa43bb40798a8864c,swin_seg_hard_SO_s123,1,FINISHED,2026-05-05 10:04:00.973,2026-05-05 10:56:25.563,active,lucanidae_classifier,active,swin_tiny,16,12.08,0.2,0.3,0.0001,10,100,27.53,seg_hard,123,species_only,0.6130434782608696,0.5435897435897437,0.27630714605683865,0.0,0.15,0.7916666666666666,0.15384615384615385,0.703125,0.7307692307692307,0.21052631578947367,0.75,0.5333333333333333,0.7378640776699029,,,,,,,1.0000000000000004e-08,0.4761130778074761,0.5362217549046193,0.6402512157382848,,,,,0.0,0.08108108108108109,0.8260869565217391,0.08695652173913043,0.9,0.8260869565217391,0.11764705882352941,0.75,0.8,0.9743589743589743,0.0,1.0,0.76,0.6666666666666666,0.5769230769230769,0.6551724137931034,1.0,0.75,0.4,0.59375,,,,0.6608695652173913,0.8499184339314845,2.7311460238037193,0.6086956521739131,4.111759836777397,0.6900736945926038,0.8474220736402434,0.6130434782608696
99bbeec3d2814912a4ba2c18fb31217f,swin_seg_hard_SO_s456,1,FINISHED,2026-05-05 10:56:35.182,2026-05-05 11:51:42.267,active,lucanidae_classifier,active,swin_tiny,16,17.59,0.2,0.3,0.0001,10,100,27.53,seg_hard,456,species_only,0.6086956521739131,0.5387597762873504,0.28609438681084176,0.0,0.14285714285714285,0.7555555555555555,0.17142857142857143,0.6976744186046512,0.7843137254901961,0.2857142857142857,0.782608695652174,0.5714285714285714,0.7184466019417476,,,,,,,1.0000000000000004e-08,0.4910027568672895,0.574568336075689,0.6674703249336871,,,,,0.0,0.07692307692307693,0.85,0.09375,0.8823529411764706,0.9090909090909091,0.16666666666666666,0.8181818181818182,1.0,0.9487179487179487,0.0,1.0,0.68,1.0,0.5769230769230769,0.6896551724137931,1.0,0.75,0.4,0.578125,,,,0.6826086956521739,0.8798259923871669,2.6273696191807425,0.5956521739130435,4.099181971342667,0.6897958690432032,0.8600810820679746,0.6086956521739131
b60470af8d3f4de2b89372af309e3c97,swin_seg_hard_MT_s42,1,FINISHED,2026-05-05 11:51:51.697,2026-05-05 12:22:51.010,active,lucanidae_classifier,active,swin_tiny,16,14.45,0.2,0.3,0.0001,10,100,27.53,seg_hard,42,multi_task,0.6130434782608696,0.5384337865566304,0.2669830687668013,0.14285714285714285,0.42857142857142855,0.7142857142857143,0.14285714285714285,0.6666666666666666,0.5957446808510638,0.2222222222222222,0.75,0.5714285714285714,0.7407407407407407,0.8,1.0,0.9,0.5882352941176471,0.07391304347826087,0.4456140350877193,1.0000000000000002e-06,0.4975374310480693,0.5352894504820501,0.6775707338638374,0.6666666666666666,0.75,1.0,0.8235294117647058,0.1,0.2727272727272727,0.6451612903225806,0.08,0.8431372549019608,0.7777777777777778,0.125,0.6,1.0,0.9090909090909091,0.25,1.0,0.8,0.6666666666666666,0.5512820512820513,0.4827586206896552,1.0,1.0,0.4,0.625,0.9259259259259259,0.11739130434782609,0.9205882352941177,0.7260869565217392,0.8042414355628058,2.7128695697483645,0.5869565217391305,4.354719045887823,0.6608069150159807,0.7893012769390131,0.6130434782608696
e0dda43c5f0e4bf8b85ee224495c82b2,swin_seg_hard_MT_s123,1,FINISHED,2026-05-05 12:23:00.877,2026-05-05 13:11:43.113,active,lucanidae_classifier,active,swin_tiny,16,17.23,0.2,0.3,0.0001,10,100,27.53,seg_hard,123,multi_task,0.5956521739130435,0.525636476536858,0.27234117835760124,0.0,0.13953488372093023,0.76,0.11764705882352941,0.7142857142857143,0.6222222222222222,0.23529411764705882,0.782608695652174,0.5714285714285714,0.75,0.6,0.6666666666666666,0.7,0.5294117647058824,0.07391304347826087,0.404040404040404,1.0000000000000002e-07,0.46930212637802005,0.563853128054741,0.62457233642794,0.6666666666666666,0.5,0.75,0.7058823529411765,0.0,0.075,0.76,0.06451612903225806,0.9375,0.875,0.13333333333333333,0.8181818181818182,1.0,0.975,0.0,1.0,0.76,0.6666666666666666,0.5769230769230769,0.4827586206896552,1.0,0.75,0.4,0.609375,0.8518518518518519,0.11739130434782609,0.8465909090909092,0.6565217391304348,0.8461120174007613,2.674096604155872,0.5826086956521739,4.500722321220066,0.6830715403642149,0.8713191168345447,0.5956521739130435
c806155cc36145bab4e9b92d88148f2e,swin_seg_hard_MT_s456,1,FINISHED,2026-05-05 13:11:52.734,2026-05-05 13:49:03.228,active,lucanidae_classifier,active,swin_tiny,16,13.0,0.2,0.3,0.0001,10,100,27.53,seg_hard,456,multi_task,0.5956521739130435,0.5226511939299263,0.24801672897909,0.0,0.2,0.6808510638297872,0.12903225806451613,0.6774193548387096,0.625,0.19047619047619047,0.7407407407407407,0.47058823529411764,0.7818181818181819,0.6,0.6666666666666666,0.7,0.4117647058823529,0.07391304347826087,0.3333333333333333,1.0000000000000002e-07,0.44959260250622435,0.4890470576969433,0.6267577917771884,0.6666666666666666,0.75,0.75,0.7647058823529411,0.0,0.1111111111111111,0.7272727272727273,0.07142857142857142,0.9130434782608695,0.7894736842105263,0.10526315789473684,0.6666666666666666,0.5714285714285714,0.9347826086956522,0.0,1.0,0.64,0.6666666666666666,0.5384615384615384,0.5172413793103449,1.0,0.8333333333333334,0.4,0.671875,0.8888888888888888,0.11739130434782609,0.8863955119214586,0.7,0.7580206634040239,2.8087868925149575,0.5608695652173913,4.368032065681789,0.665148566550016,0.8112715841847272,0.5956521739130435
381e9536b2394ff2a00bc03813817b3a,swin_seg_soft_SO_s42,1,FINISHED,2026-05-05 13:49:12.669,2026-05-05 14:29:40.243,active,lucanidae_classifier,active,swin_tiny,16,15.69,0.2,0.3,0.0001,10,100,27.53,seg_soft,42,species_only,0.5608695652173913,0.4874227714033539,0.2415443155428637,0.0,0.20689655172413793,0.7272727272727273,0.14634146341463414,0.5714285714285714,0.5909090909090909,0.15384615384615385,0.7407407407407407,0.5714285714285714,0.7927927927927928,,,,,,,1.0000000000000002e-07,0.450165666355742,0.5418542419079114,0.6445006631299736,,,,,0.0,0.11538461538461539,0.8421052631578947,0.07894736842105263,0.8292682926829268,0.8666666666666667,0.08333333333333333,0.6666666666666666,1.0,0.9361702127659575,0.0,1.0,0.64,1.0,0.4358974358974359,0.4482758620689655,1.0,0.8333333333333334,0.4,0.6875,,,,0.6608695652173913,0.7890157694399129,2.694160094852354,0.5434782608695652,4.11490362416143,0.6373866525418798,0.8240584694637129,0.5608695652173913
a0db5da279054306856cab6b3dcaba88,swin_seg_soft_SO_s123,1,FINISHED,2026-05-05 14:29:49.565,2026-05-05 15:26:15.329,active,lucanidae_classifier,active,swin_tiny,16,12.03,0.2,0.3,0.0001,10,100,27.53,seg_soft,123,species_only,0.6521739130434783,0.5782814971006853,0.31298499651577155,0.0,0.19047619047619047,0.7692307692307693,0.12121212121212122,0.7482014388489209,0.6530612244897959,0.3333333333333333,0.7692307692307693,0.5714285714285714,0.7706422018348624,,,,,,,1.0000000000000002e-06,0.49268166200853336,0.5418596582531009,0.6241307471264369,,,,,0.0,0.1111111111111111,0.7407407407407407,0.06666666666666667,0.8524590163934426,0.8,0.2,0.7142857142857143,1.0,0.9333333333333333,0.0,0.6666666666666666,0.8,0.6666666666666666,0.6666666666666666,0.5517241379310345,1.0,0.8333333333333334,0.4,0.65625,,,,0.717391304347826,0.9124524197933659,2.6530253758827196,0.6521739130434783,4.113963744951331,0.7060745410235082,0.8149931175447925,0.6521739130434783
a4a312ba40024f7f90138e2da0293409,swin_seg_soft_SO_s456,1,FINISHED,2026-05-05 15:26:24.787,2026-05-05 16:22:53.611,active,lucanidae_classifier,active,swin_tiny,16,13.06,0.2,0.3,0.0001,10,100,27.53,seg_soft,456,species_only,0.6043478260869565,0.5270697758496022,0.27947089490683186,0.0,0.17142857142857143,0.7111111111111111,0.11764705882352941,0.6821705426356589,0.6666666666666666,0.36363636363636365,0.7692307692307693,0.5714285714285714,0.7368421052631579,,,,,,,1.0000000000000004e-08,0.47901617602243995,0.5439624426737304,0.6312076702033599,,,,,0.0,0.09375,0.8,0.06451612903225806,0.8627450980392157,0.8421052631578947,0.2222222222222222,0.7142857142857143,1.0,0.84,0.0,1.0,0.64,0.6666666666666666,0.5641025641025641,0.5517241379310345,1.0,0.8333333333333334,0.4,0.65625,,,,0.6956521739130435,0.8727569331158237,2.659732961473159,0.5956521739130435,4.111139297485352,0.6696428814635591,0.8041993116591633,0.6043478260869565
9fe6191c0f66458b8e30b69bdada8bac,swin_seg_soft_MT_s42,1,FINISHED,2026-05-05 16:23:03.069,2026-05-05 17:07:35.839,active,lucanidae_classifier,active,swin_tiny,16,14.89,0.2,0.3,0.0001,10,100,27.53,seg_soft,42,multi_task,0.591304347826087,0.5193846701049262,0.26167333009450333,0.0,0.1875,0.8163265306122449,0.11764705882352941,0.672,0.6222222222222222,0.17391304347826086,0.7692307692307693,0.5714285714285714,0.7289719626168224,0.6,0.6666666666666666,0.7,0.47058823529411764,0.07391304347826087,0.37789661319073087,1.0000000000000002e-06,0.46592401584124205,0.5486415313214111,0.6330595159151194,0.6666666666666666,0.25,0.75,0.6470588235294118,0.0,0.10344827586206896,0.8333333333333334,0.06451612903225806,0.8936170212765957,0.875,0.09523809523809523,0.7142857142857143,1.0,0.9069767441860465,0.0,1.0,0.8,0.6666666666666666,0.5384615384615384,0.4827586206896552,1.0,0.8333333333333334,0.4,0.609375,0.9259259259259259,0.11739130434782609,0.9205882352941177,0.6608695652173913,0.8341489940184882,2.6157152238522228,0.5739130434782609,4.305534080837084,0.6683962414161272,0.8400990025974022,0.591304347826087
52994ced1522440583fcd475c1af229f,swin_seg_soft_MT_s123,1,FINISHED,2026-05-05 17:07:45.218,2026-05-05 17:41:43.626,active,lucanidae_classifier,active,swin_tiny,16,17.52,0.2,0.3,0.0001,10,100,27.53,seg_soft,123,multi_task,0.6,0.5241842998808213,0.24347762918990593,0.0,0.20689655172413793,0.7037037037037037,0.11764705882352941,0.6564885496183206,0.6521739130434783,0.23529411764705882,0.8333333333333334,0.5714285714285714,0.7547169811320755,0.8,1.0,0.9,0.5294117647058824,0.07391304347826087,0.404040404040404,1e-05,0.4731682780454209,0.5447794473151049,0.6353523430592396,0.6666666666666666,0.25,0.75,0.6470588235294118,0.0,0.11538461538461539,0.6551724137931034,0.06451612903225806,0.8113207547169812,0.8823529411764706,0.13333333333333333,0.8333333333333334,1.0,0.9523809523809523,0.0,1.0,0.76,0.6666666666666666,0.5512820512820513,0.5172413793103449,1.0,0.8333333333333334,0.4,0.625,0.8888888888888888,0.11739130434782609,0.8831168831168831,0.7,0.8227297444263186,2.726097089625883,0.5434782608695652,4.3399073600769045,0.6659658022380788,0.8130839754746435,0.6
58e1fc2c209d4360893e2774bc2f952b,swin_seg_soft_MT_s456,1,FINISHED,2026-05-05 17:41:53.217,2026-05-05 18:22:15.453,active,lucanidae_classifier,active,swin_tiny,16,13.05,0.2,0.3,0.0001,10,100,27.53,seg_soft,456,multi_task,0.5869565217391305,0.511491683062064,0.23569445830324423,0.0,0.20689655172413793,0.7692307692307693,0.11428571428571428,0.6504065040650406,0.6086956521739131,0.25,0.782608695652174,0.4444444444444444,0.7321428571428571,0.6,1.0,0.8,0.35294117647058826,0.07391304347826087,0.2857142857142857,1.0000000000000004e-08,0.45587111887190507,0.4946249284484579,0.6252870800176835,0.6666666666666666,0.75,0.5,0.7058823529411765,0.0,0.11538461538461539,0.7407407407407407,0.0625,0.8888888888888888,0.8235294117647058,0.14285714285714285,0.8181818181818182,0.5,0.8541666666666666,0.0,1.0,0.8,0.6666666666666666,0.5128205128205128,0.4827586206896552,1.0,0.75,0.4,0.640625,0.8148148148148148,0.11739130434782609,0.7969924812030075,0.6956521739130435,0.7563893420337139,2.8359080573149904,0.5782608695652174,4.363544418500817,0.6511786474275166,0.7914713974336736,0.5869565217391305
9d137692fa1c41e6916a125a7d6e9723,vit_full_SO_s42,1,FINISHED,2026-05-05 18:22:24.957,2026-05-05 18:59:37.565,active,lucanidae_classifier,active,vit_small,16,7.73,0.2,0.3,0.0001,10,100,85.81,full,42,species_only,0.6363636363636365,0.5294738926661826,0.31102229030144335,0.0,0.0,0.6,0.3333333333333333,0.7272727272727273,0.5306122448979592,0.4,0.6,1.0,0.6744186046511628,,,,,,,1.0000000000000002e-06,0.4865636910155183,0.4963987975558803,0.5046212121212121,,,,,0.0,0.0,0.5769230769230769,0.25,0.6363636363636364,0.5652173913043478,0.3333333333333333,0.6666666666666666,1.0,0.9354838709677419,0.0,0.0,0.625,0.5,0.8484848484848485,0.5,0.5,0.5454545454545454,1.0,0.5272727272727272,,,,0.7121212121212122,0.9861460957178841,2.284097461916638,0.5707070707070707,4.022597380358763,0.6381596378274119,0.6843101965822863,0.6363636363636364
9e715e3fee4542a9b7099d80a5d7d524,vit_full_SO_s123,1,FINISHED,2026-05-05 18:59:46.875,2026-05-05 19:48:29.036,active,lucanidae_classifier,active,vit_small,16,7.62,0.2,0.3,0.0001,10,100,85.81,full,123,species_only,0.6767676767676768,0.5845926897229963,0.3204234229645344,0.0,0.0,0.5652173913043478,0.4,0.725925925925926,0.5660377358490566,0.4444444444444444,0.8,0.9090909090909091,0.780952380952381,,,,,,,1.0000000000000004e-08,0.5191668787567065,0.501787941527072,0.5833741258741258,,,,,0.0,0.0,0.5909090909090909,0.3333333333333333,0.7101449275362319,0.5555555555555556,0.2857142857142857,0.8888888888888888,0.8333333333333334,0.82,0.0,0.0,0.5416666666666666,0.5,0.7424242424242424,0.5769230769230769,1.0,0.7272727272727273,1.0,0.7454545454545455,,,,0.702020202020202,0.9804785894206549,2.336942958591567,0.6666666666666667,3.9526284150402957,0.6776769395010875,0.6857493309403718,0.6767676767676768
9a25a832543444458d35ab37debc60ec,vit_full_SO_s456,1,FINISHED,2026-05-05 19:48:38.544,2026-05-05 20:15:24.301,active,lucanidae_classifier,active,vit_small,16,7.62,0.2,0.3,0.0001,10,100,85.81,full,456,species_only,0.6060606060606061,0.49850629951941816,0.2806561333362502,0.0,0.11764705882352941,0.3684210526315789,0.2222222222222222,0.6944444444444444,0.6037735849056604,0.2222222222222222,0.7368421052631579,1.0,0.6956521739130435,,,,,,,1.0000000000000002e-06,0.46612248644258586,0.48306259556259556,0.5216142191142191,,,,,0.0,0.07142857142857142,0.5,0.14285714285714285,0.6410256410256411,0.5925925925925926,0.14285714285714285,0.875,1.0,0.8648648648648649,0.0,0.3333333333333333,0.2916666666666667,0.5,0.7575757575757576,0.6153846153846154,0.5,0.6363636363636364,1.0,0.5818181818181818,,,,0.696969696969697,0.9483627204030226,2.375409251796809,0.5808080808080809,3.9584664479650633,0.6211187605682323,0.6701685937797048,0.6060606060606061
b522b86d59884b21b66ecf1d67a86a9c,vit_full_MT_s42,1,FINISHED,2026-05-05 20:15:33.634,2026-05-05 20:55:53.094,active,lucanidae_classifier,active,vit_small,16,7.27,0.2,0.3,0.0001,10,100,85.81,full,42,multi_task,0.6717171717171718,0.5908570701932858,0.3357513901410681,0.0,0.0,0.68,0.125,0.784,0.625,0.36363636363636365,0.7777777777777778,1.0,0.74,1.0,0.6666666666666666,0.8181818181818182,0.6111111111111112,0.09090909090909091,0.45396825396825397,1.0000000000000004e-08,0.5095414141414143,0.5282045826113623,0.5836771561771562,0.6666666666666666,0.8,0.75,0.6666666666666666,0.0,0.0,0.6538461538461539,0.07142857142857142,0.8305084745762712,0.6818181818181818,0.2222222222222222,1.0,1.0,0.8222222222222222,0.0,0.0,0.7083333333333334,0.5,0.7424242424242424,0.5769230769230769,1.0,0.6363636363636364,1.0,0.6727272727272727,0.8620689655172413,0.14646464646464646,0.8473684210526315,0.7272727272727273,0.9729219143576826,2.354670702360139,0.6717171717171718,4.166443001140248,0.7047819610243854,0.7577912300562532,0.6717171717171717
644609b997cb45b8a55673ab275ded7e,vit_full_MT_s123,1,FINISHED,2026-05-05 20:56:06.427,2026-05-05 21:51:54.477,active,lucanidae_classifier,active,vit_small,16,9.79,0.2,0.3,0.0001,10,100,85.81,full,123,multi_task,0.6767676767676768,0.5936377629553617,0.33934341800032247,0.0,0.3333333333333333,0.5405405405405406,0.11764705882352941,0.7969924812030075,0.6666666666666666,0.23529411764705882,0.8,1.0,0.7346938775510204,1.0,0.3333333333333333,0.7272727272727273,0.6111111111111112,0.09090909090909091,0.4761904761904761,1.0000000000000004e-08,0.5225168075765156,0.5462564212755119,0.6127156177156177,0.3333333333333333,0.8,0.75,0.6666666666666666,0.0,0.3333333333333333,0.7692307692307693,0.06666666666666667,0.7910447761194029,0.6428571428571429,0.13333333333333333,0.8888888888888888,1.0,0.8372093023255814,0.0,0.3333333333333333,0.4166666666666667,0.5,0.803030303030303,0.6923076923076923,1.0,0.7272727272727273,1.0,0.6545454545454545,0.8620689655172413,0.14646464646464646,0.8473684210526315,0.7070707070707071,0.9735516372795969,2.4364531910989986,0.6616161616161617,4.190050587509617,0.7011204832522833,0.7556013576029775,0.6767676767676768
03724deb043e4a7eb6d884f2e0e5c453,vit_full_MT_s456,1,FINISHED,2026-05-05 21:52:07.712,2026-05-05 22:28:40.053,active,lucanidae_classifier,active,vit_small,16,9.01,0.2,0.3,0.0001,10,100,85.81,full,456,multi_task,0.6464646464646465,0.5540110049232552,0.2840453413399784,0.0,0.25,0.6046511627906976,0.4444444444444444,0.6785714285714286,0.6666666666666666,0.4444444444444444,0.7777777777777778,1.0,0.6929133858267716,0.8333333333333334,0.6666666666666666,0.7272727272727273,0.5555555555555556,0.09090909090909091,0.4529505582137161,1.0000000000000002e-06,0.5559469310522231,0.563615700343389,0.6797377622377622,0.3333333333333333,0.6,0.75,0.6666666666666666,0.0,0.15384615384615385,0.6842105263157895,0.2857142857142857,0.8260869565217391,0.7894736842105263,0.2857142857142857,1.0,1.0,0.6111111111111112,0.0,0.6666666666666666,0.5416666666666666,1.0,0.5757575757575758,0.5769230769230769,1.0,0.6363636363636364,1.0,0.8,0.896551724137931,0.14646464646464646,0.8825910931174089,0.6919191919191919,0.9678841309823677,2.3611213109955678,0.6464646464646465,4.194909890492757,0.6607285105041927,0.7206293649848188,0.6464646464646465
5903dfcb5d6f4e529832554006f069bd,vit_bbox_SO_s42,1,FINISHED,2026-05-05 22:28:53.434,2026-05-05 23:10:28.562,active,lucanidae_classifier,active,vit_small,16,8.43,0.2,0.3,0.0001,10,100,85.81,bbox,42,species_only,0.5782608695652174,0.481042102814608,0.24521468657514325,0.0,0.2,0.5652173913043478,0.1111111111111111,0.647887323943662,0.5,0.2,0.75,0.7,0.6949152542372882,,,,,,,1.0000000000000004e-08,0.4369131080596409,0.44814136034530777,0.5447495026525199,,,,,0.0,0.1111111111111111,0.6190476190476191,0.06666666666666667,0.71875,0.631578947368421,0.125,0.75,0.7,0.7592592592592593,0.0,1.0,0.52,0.3333333333333333,0.5897435897435898,0.41379310344827586,0.5,0.75,0.7,0.640625,,,,0.6869565217391305,0.8809135399673735,2.567919129713389,0.5565217391304348,4.268829022283139,0.61292850284667,0.6749148081556549,0.5782608695652174
b02f8f86d8fc4e9faf82c208e562ecf6,vit_bbox_SO_s123,1,FINISHED,2026-05-05 23:10:41.247,2026-05-05 23:47:05.305,active,lucanidae_classifier,active,vit_small,16,9.4,0.2,0.3,0.0001,10,100,85.81,bbox,123,species_only,0.6695652173913044,0.5803322769614905,0.3359628085856852,0.0,0.3076923076923077,0.6808510638297872,0.26666666666666666,0.7564102564102564,0.5714285714285714,0.4,0.72,0.6666666666666666,0.7213114754098361,,,,,,,1.0000000000000004e-08,0.5091027008104092,0.5001278032312515,0.6250002210433244,,,,,0.0,0.2,0.7272727272727273,0.16666666666666666,0.7564102564102564,0.7,0.25,0.6923076923076923,0.75,0.7586206896551724,0.0,0.6666666666666666,0.64,0.6666666666666666,0.7564102564102564,0.4827586206896552,1.0,0.75,0.6,0.6875,,,,0.7043478260869566,0.9662860250135943,2.5293894249696716,0.6565217391304348,4.262022516001826,0.6808103616658537,0.7106140635975718,0.6695652173913044
1cc8af961042486fb51e0f28262772eb,vit_bbox_SO_s456,1,FINISHED,2026-05-05 23:47:18.402,2026-05-06 00:29:51.030,active,lucanidae_classifier,active,vit_small,16,8.52,0.2,0.3,0.0001,10,100,85.81,bbox,456,species_only,0.6391304347826087,0.5412381043929636,0.309881552276404,0.0,0.18181818181818182,0.6829268292682927,0.25,0.6875,0.5660377358490566,0.5,0.7619047619047619,0.75,0.7226890756302521,,,,,,,1.0000000000000004e-08,0.5102876584470545,0.5433881423098368,0.605424458443855,,,,,0.0,0.10526315789473684,0.875,0.15384615384615385,0.6707317073170732,0.625,0.3333333333333333,0.8888888888888888,1.0,0.7818181818181819,0.0,0.6666666666666666,0.56,0.6666666666666666,0.7051282051282052,0.5172413793103449,1.0,0.6666666666666666,0.6,0.671875,,,,0.6739130434782609,0.9902120717781402,2.559790566409652,0.6304347826086957,4.241240439207657,0.6621899026085991,0.7150612959810928,0.6391304347826087
3e39c09be40d47ba9dbbaf6c01ab4901,vit_bbox_MT_s42,1,FINISHED,2026-05-06 00:30:04.228,2026-05-06 01:16:47.301,active,lucanidae_classifier,active,vit_small,16,9.91,0.2,0.3,0.0001,10,100,85.81,bbox,42,multi_task,0.7260869565217392,0.6495344056113194,0.3895214753306429,0.0,0.42857142857142855,0.8,0.23529411764705882,0.7898089171974523,0.6274509803921569,0.3333333333333333,0.8333333333333334,0.75,0.7777777777777778,1.0,0.6666666666666666,0.9,0.5294117647058824,0.07391304347826087,0.404040404040404,1.0000000000000002e-07,0.5575569888252541,0.5701323183417916,0.643222093280283,0.6666666666666666,0.75,0.75,0.7647058823529411,0.0,0.2727272727272727,0.9,0.14285714285714285,0.7848101265822784,0.7272727272727273,0.25,0.8333333333333334,1.0,0.7903225806451613,0.0,1.0,0.72,0.6666666666666666,0.7948717948717948,0.5517241379310345,0.5,0.8333333333333334,0.6,0.765625,0.9629629629629629,0.11739130434782609,0.9593984962406015,0.7695652173913043,0.9967373572593801,2.558030443777527,0.7260869565217392,4.306834519427755,0.7379878915472772,0.7701456407494364,0.7260869565217392
4c790de2352845159177c1f684cda3e8,vit_bbox_MT_s123,1,FINISHED,2026-05-06 01:17:00.734,2026-05-06 02:06:52.159,active,lucanidae_classifier,active,vit_small,16,7.98,0.2,0.3,0.0001,10,100,85.81,bbox,123,multi_task,0.6956521739130435,0.6077571505140575,0.3505364796389702,0.0,0.26666666666666666,0.782608695652174,0.2857142857142857,0.75,0.6530612244897959,0.3333333333333333,0.7272727272727273,0.75,0.734375,0.8,1.0,0.9,0.47058823529411764,0.07391304347826087,0.36274509803921573,1.0000000000000004e-08,0.5283031933128982,0.5521710022700876,0.5875329907161804,0.6666666666666666,0.75,0.5,0.6470588235294118,0.0,0.16666666666666666,0.8571428571428571,0.18181818181818182,0.7317073170731707,0.8,0.25,0.8,1.0,0.734375,0.0,0.6666666666666666,0.72,0.6666666666666666,0.7692307692307693,0.5517241379310345,0.5,0.6666666666666666,0.6,0.734375,0.8148148148148148,0.11739130434782609,0.8051948051948052,0.7434782608695653,0.9923871669385534,2.635394662019025,0.6956521739130435,4.409942788663118,0.7067611963156117,0.7384660726336231,0.6956521739130435
e5a56c9e7204431abcee2c09780c3aed,vit_bbox_MT_s456,1,FINISHED,2026-05-06 02:07:24.662,2026-05-06 02:51:43.643,active,lucanidae_classifier,active,vit_small,16,15.86,0.2,0.3,0.0001,10,100,85.81,bbox,456,multi_task,0.6695652173913044,0.5840076154212279,0.32297236070684776,0.0,0.23076923076923078,0.6956521739130435,0.36363636363636365,0.7417218543046358,0.5490196078431373,0.2222222222222222,0.8333333333333334,0.75,0.7540983606557377,1.0,0.3333333333333333,0.8,0.35294117647058826,0.07391304347826087,0.2871794871794872,1.0000000000000004e-08,0.5140453146677704,0.5315120393014665,0.6159457338638373,0.6666666666666666,0.5,0.75,0.7058823529411765,0.0,0.13043478260869565,0.7619047619047619,0.25,0.7671232876712328,0.6363636363636364,0.14285714285714285,0.8333333333333334,1.0,0.7931034482758621,0.0,1.0,0.64,0.6666666666666666,0.717948717948718,0.4827586206896552,0.5,0.8333333333333334,0.6,0.71875,0.8518518518518519,0.11739130434782609,0.8465909090909092,0.691304347826087,0.965742251223491,2.5578973612233047,0.6695652173913044,4.507318612803584,0.6919875387855091,0.7370583489726792,0.6695652173913044
aa7a2572c760480c8c555dd157dc7525,vit_seg_hard_SO_s42,1,FINISHED,2026-05-06 02:51:56.933,2026-05-06 04:05:59.867,active,lucanidae_classifier,active,vit_small,16,7.84,0.2,0.3,0.0001,10,100,85.81,seg_hard,42,species_only,0.6565217391304348,0.5611535117379962,0.3235565481626469,0.0,0.2857142857142857,0.6521739130434783,0.2,0.6962025316455697,0.625,0.2857142857142857,0.8695652173913043,0.5333333333333333,0.752,,,,,,,1.0000000000000004e-08,0.4899703566842257,0.5170307351507549,0.5623411251105217,,,,,0.0,0.18181818181818182,0.7142857142857143,0.11764705882352941,0.6875,0.7894736842105263,0.2,0.9090909090909091,0.8,0.7704918032786885,0.0,0.6666666666666666,0.6,0.6666666666666666,0.7051282051282052,0.5172413793103449,0.5,0.8333333333333334,0.4,0.734375,,,,0.6956521739130435,0.9804241435562805,2.6288632440333655,0.6521739130434783,4.233166901961617,0.6724253594132252,0.7125906162613053,0.6565217391304348
51b9735e71464d0b8d7b7af54dc7a249,vit_seg_hard_SO_s123,1,FINISHED,2026-05-06 04:06:15.750,2026-05-06 04:46:19.772,active,lucanidae_classifier,active,vit_small,16,8.9,0.2,0.3,0.0001,10,100,85.81,seg_hard,123,species_only,0.5869565217391305,0.4861483467381591,0.262652000396148,0.0,0.25,0.47619047619047616,0.12903225806451613,0.6363636363636364,0.5714285714285714,0.8,0.7142857142857143,0.5714285714285714,0.7050359712230215,,,,,,,1.0000000000000002e-07,0.4853765198984507,0.523628779717015,0.5753511825817861,,,,,0.0,0.15384615384615385,0.5882352941176471,0.07142857142857142,0.7777777777777778,0.7,0.6666666666666666,0.625,1.0,0.6533333333333333,0.0,0.6666666666666666,0.4,0.6666666666666666,0.5384615384615384,0.4827586206896552,1.0,0.8333333333333334,0.4,0.765625,,,,0.6521739130434783,0.8901576943991298,2.6816610768802014,0.5782608695652174,4.271909921065621,0.6098159449162406,0.6825871298352116,0.5869565217391305
153ee613eda94d50bf35475b59d636b7,vit_seg_hard_SO_s456,1,FINISHED,2026-05-06 04:46:34.481,2026-05-06 05:22:30.489,active,lucanidae_classifier,active,vit_small,16,9.97,0.2,0.3,0.0001,10,100,85.81,seg_hard,456,species_only,0.6130434782608696,0.523188372038853,0.2802025235865427,0.0,0.14285714285714285,0.8,0.1111111111111111,0.6575342465753424,0.6086956521739131,0.25,0.8333333333333334,0.5714285714285714,0.7241379310344828,,,,,,,1.0000000000000004e-08,0.4699097988513897,0.5359961215255333,0.5707726569407605,,,,,0.0,0.08,0.9,0.06666666666666667,0.7058823529411765,0.8235294117647058,0.14285714285714285,0.8333333333333334,1.0,0.8076923076923077,0.0,0.6666666666666666,0.72,0.3333333333333333,0.6153846153846154,0.4827586206896552,1.0,0.8333333333333334,0.4,0.65625,,,,0.6826086956521739,0.9358346927678085,2.6485766140645843,0.5956521739130435,4.228346140488334,0.6620037530796415,0.7559095584722183,0.6130434782608696
4eb938a1671040e088e697beb901dc8d,vit_seg_hard_MT_s42,1,FINISHED,2026-05-06 05:22:45.272,2026-05-06 05:51:21.196,active,lucanidae_classifier,active,vit_small,16,8.4,0.2,0.3,0.0001,10,100,85.81,seg_hard,42,multi_task,0.6,0.5096630671548408,0.2991677075624466,0.0,0.18181818181818182,0.7727272727272727,0.125,0.6388888888888888,0.6363636363636364,0.2857142857142857,0.5833333333333334,0.5714285714285714,0.7586206896551724,1.0,1.0,1.0,0.35294117647058826,0.07391304347826087,0.2878787878787879,1.0000000000000002e-07,0.4553894859929343,0.5295422393698256,0.5756668877099912,0.6666666666666666,0.75,0.5,0.5882352941176471,0.0,0.10526315789473684,0.8947368421052632,0.06896551724137931,0.696969696969697,0.9333333333333333,0.16666666666666666,0.5833333333333334,1.0,0.8461538461538461,0.0,0.6666666666666666,0.68,0.6666666666666666,0.5897435897435898,0.4827586206896552,1.0,0.5833333333333334,0.4,0.6875,0.8888888888888888,0.11739130434782609,0.8781954887218044,0.6869565217391305,0.9113648722131592,2.634536149127124,0.5956521739130435,4.455251034446385,0.653756319892002,0.7643851721544455,0.6
afe9fba553c24edd8b081b40c076fdea,vit_seg_hard_MT_s123,1,FINISHED,2026-05-06 05:51:34.423,2026-05-06 06:33:16.149,active,lucanidae_classifier,active,vit_small,16,8.56,0.2,0.3,0.0001,10,100,85.81,seg_hard,123,multi_task,0.6782608695652174,0.5873739332816137,0.3310979845083278,0.0,0.5,0.7272727272727273,0.13333333333333333,0.7295597484276729,0.625,0.2222222222222222,0.8695652173913043,0.5,0.7317073170731707,1.0,0.6666666666666666,0.9,0.6470588235294118,0.07391304347826087,0.5169340463458111,1.0000000000000004e-08,0.5038660565720431,0.5136849649948074,0.5497289456233422,0.6666666666666666,0.75,1.0,0.7647058823529411,0.0,0.4,0.6666666666666666,0.08333333333333333,0.7160493827160493,0.7894736842105263,0.14285714285714285,0.9090909090909091,0.6666666666666666,0.7627118644067796,0.0,0.6666666666666666,0.8,0.3333333333333333,0.7435897435897436,0.5172413793103449,0.5,0.8333333333333334,0.4,0.703125,0.9259259259259259,0.11739130434782609,0.9166666666666666,0.717391304347826,0.9869494290375203,2.5776962061949953,0.6782608695652174,4.424528196583624,0.6861781474130421,0.7110360284527371,0.6782608695652174
4e2d91560f8e492e80a2021ade6410a1,vit_seg_hard_MT_s456,1,FINISHED,2026-05-06 06:33:32.511,2026-05-06 07:10:39.736,active,lucanidae_classifier,active,vit_small,16,9.98,0.2,0.3,0.0001,10,100,85.81,seg_hard,456,multi_task,0.6086956521739131,0.5257297346835907,0.2757693253133608,0.0,0.14285714285714285,0.8372093023255814,0.06896551724137931,0.6466165413533834,0.7083333333333334,0.2857142857142857,0.75,0.5333333333333333,0.7333333333333333,0.8,1.0,0.9,0.35294117647058826,0.07391304347826087,0.2871794871794872,1.0000000000000004e-08,0.47063627894917726,0.5297397514765936,0.5694988947833776,0.6666666666666666,0.75,0.75,0.7058823529411765,0.0,0.08,1.0,0.038461538461538464,0.7818181818181819,0.8947368421052632,0.16666666666666666,0.75,0.8,0.7857142857142857,0.0,0.6666666666666666,0.72,0.3333333333333333,0.5512820512820513,0.5862068965517241,1.0,0.75,0.4,0.6875,0.8888888888888888,0.11739130434782609,0.8781954887218044,0.691304347826087,0.9168026101141924,2.589045005236196,0.6086956521739131,4.470481793776802,0.6712241420380908,0.7821896471187089,0.6086956521739131
693d9d7b90de44178f4ca991eee08984,vit_seg_soft_SO_s42,1,FINISHED,2026-05-06 07:10:55.783,2026-05-06 08:01:26.148,active,lucanidae_classifier,active,vit_small,16,13.51,0.2,0.3,0.0001,10,100,85.81,seg_soft,42,species_only,0.5782608695652174,0.47951661067562523,0.25595164279574933,0.0,0.13793103448275862,0.6046511627906976,0.21052631578947367,0.6388888888888888,0.5531914893617021,0.36363636363636365,0.7142857142857143,0.5,0.6890756302521008,,,,,,,1.0000000000000002e-07,0.4412186599487701,0.4602680652680653,0.5765311118479222,,,,,0.0,0.07692307692307693,0.7222222222222222,0.125,0.696969696969697,0.7222222222222222,0.2222222222222222,0.625,0.6666666666666666,0.7454545454545455,0.0,0.6666666666666666,0.52,0.6666666666666666,0.5897435897435898,0.4482758620689655,1.0,0.8333333333333334,0.4,0.640625,,,,0.6478260869565218,0.9646547036432843,2.6190864299548067,0.5652173913043478,4.351085347714632,0.6105959968706199,0.6795200331069896,0.5782608695652174
e0177d7f3ef44c968a4a4b6436a26b47,vit_seg_soft_SO_s123,1,FINISHED,2026-05-06 08:01:42.279,2026-05-06 08:45:16.181,active,lucanidae_classifier,active,vit_small,16,9.2,0.2,0.3,0.0001,10,100,85.81,seg_soft,123,species_only,0.591304347826087,0.4882597992804393,0.256109972362933,0.0,0.23529411764705882,0.6818181818181818,0.21052631578947367,0.6174496644295302,0.52,0.4,0.6,0.5,0.7107438016528925,,,,,,,1.0000000000000004e-08,0.44758320813371366,0.4495318401637897,0.5793227785145889,,,,,0.0,0.14285714285714285,0.7894736842105263,0.125,0.647887323943662,0.6190476190476191,0.25,0.5,0.6666666666666666,0.7543859649122807,0.0,0.6666666666666666,0.6,0.6666666666666666,0.5897435897435898,0.4482758620689655,1.0,0.75,0.4,0.671875,,,,0.6521739130434783,0.9162588363240891,2.55580208352106,0.5695652173913044,4.300321624590003,0.6091808390306636,0.65424075728206,0.591304347826087
6e928d6ebb2f43b59158f7f8084f925f,vit_seg_soft_SO_s456,1,FINISHED,2026-05-06 08:45:31.047,2026-05-06 09:37:13.584,active,lucanidae_classifier,active,vit_small,16,8.27,0.2,0.3,0.0001,10,100,85.81,seg_soft,456,species_only,0.717391304347826,0.6316645313885878,0.36357773024102913,0.0,0.36363636363636365,0.8163265306122449,0.36363636363636365,0.7485380116959064,0.6938775510204082,0.5714285714285714,0.8695652173913043,0.5714285714285714,0.7272727272727273,,,,,,,1.0000000000000002e-07,0.5725709908122462,0.5952526109996399,0.6460886383731211,,,,,0.0,0.25,0.8333333333333334,0.25,0.6881720430107527,0.85,0.4,0.9090909090909091,1.0,0.7719298245614035,0.0,0.6666666666666666,0.8,0.6666666666666666,0.8205128205128205,0.5862068965517241,1.0,0.8333333333333334,0.4,0.6875,,,,0.7391304347826086,0.9978249048395866,2.497950531530147,0.6956521739130435,4.271164645319399,0.7171120667403907,0.7468406624747511,0.717391304347826
4f13ea33313c4fa182f652592e6e851d,vit_seg_soft_MT_s42,1,FINISHED,2026-05-06 09:37:28.643,2026-05-06 10:22:18.699,active,lucanidae_classifier,active,vit_small,16,8.73,0.2,0.3,0.0001,10,100,85.81,seg_soft,42,multi_task,0.6652173913043479,0.5807192405123227,0.3304139397714448,0.0,0.18181818181818182,0.875,0.2222222222222222,0.6896551724137931,0.6122448979591837,0.4444444444444444,0.8,0.5714285714285714,0.746031746031746,0.6,1.0,0.8,0.5294117647058824,0.07391304347826087,0.4171122994652407,1.0000000000000004e-08,0.5142845236318142,0.5460918197279444,0.6299308687002654,0.6666666666666666,0.75,0.75,0.7058823529411765,0.0,0.10526315789473684,0.9130434782608695,0.13333333333333333,0.746268656716418,0.75,0.2857142857142857,0.7692307692307693,1.0,0.7580645161290323,0.0,0.6666666666666666,0.84,0.6666666666666666,0.6410256410256411,0.5172413793103449,1.0,0.8333333333333334,0.4,0.734375,0.8518518518518519,0.11739130434782609,0.8333333333333333,0.7130434782608696,0.9815116911364872,2.5865910805198666,0.6652173913043479,4.415564238506815,0.6894979697844338,0.7470398195154019,0.6652173913043479
21c1e2e288664df8894139304ded8fb8,vit_seg_soft_MT_s123,1,FINISHED,2026-05-06 10:22:33.886,2026-05-06 11:13:42.576,active,lucanidae_classifier,active,vit_small,16,8.53,0.2,0.3,0.0001,10,100,85.81,seg_soft,123,multi_task,0.6565217391304348,0.5696046616292016,0.34612408157276064,0.0,0.16,0.782608695652174,0.26666666666666666,0.6928104575163399,0.6938775510204082,0.4,0.6923076923076923,0.5333333333333333,0.7521367521367521,1.0,0.6666666666666666,0.9,0.47058823529411764,0.07391304347826087,0.3686274509803922,1.0000000000000004e-08,0.49737411486333666,0.5194431103487707,0.6156527409372237,0.6666666666666666,0.75,0.75,0.7058823529411765,0.0,0.09090909090909091,0.8571428571428571,0.16666666666666666,0.7066666666666667,0.85,0.25,0.6428571428571429,0.8,0.8301886792452831,0.0,0.6666666666666666,0.72,0.6666666666666666,0.6794871794871795,0.5862068965517241,1.0,0.75,0.4,0.6875,0.9259259259259259,0.11739130434782609,0.9166666666666666,0.717391304347826,0.9896682979880369,2.6246473004858153,0.6565217391304348,4.453123134115468,0.6851506949345586,0.7448593908142718,0.6565217391304348
b34b8e991ce842fa891b516ae8eae317,vit_seg_soft_MT_s456,1,FINISHED,2026-05-06 11:13:57.977,2026-05-06 12:07:39.670,active,lucanidae_classifier,active,vit_small,16,8.1,0.2,0.3,0.0001,10,100,85.81,seg_soft,456,multi_task,0.6695652173913044,0.5849755448976686,0.3444953589335732,0.0,0.2222222222222222,0.7692307692307693,0.16666666666666666,0.7236842105263158,0.6086956521739131,0.26666666666666666,0.7407407407407407,0.5714285714285714,0.773109243697479,0.8,0.6666666666666666,0.8,0.4117647058823529,0.07391304347826087,0.31729055258467026,1.0000000000000004e-08,0.48424447433533446,0.5208834297069591,0.5939970159151194,0.6666666666666666,0.75,1.0,0.7647058823529411,0.0,0.13333333333333333,0.7407407407407407,0.1111111111111111,0.7432432432432432,0.8235294117647058,0.15384615384615385,0.6666666666666666,1.0,0.8363636363636363,0.0,0.6666666666666666,0.8,0.3333333333333333,0.7051282051282052,0.4827586206896552,1.0,0.8333333333333334,0.4,0.71875,0.8888888888888888,0.11739130434782609,0.8831168831168831,0.7130434782608696,0.9825992387166937,2.648987451929836,0.6608695652173913,4.43085061363552,0.6917933815855591,0.7519223600042013,0.6695652173913044
fb258c7e99484e4c9078fd82523a5193,dinov2_full_SO_s42,1,FINISHED,2026-05-06 12:08:47.144,2026-05-06 13:55:42.781,active,lucanidae_classifier,active,dinov2_vits14,16,85.21,0.2,0.3,1e-05,10,100,22.06,full,42,species_only,0.7020202020202021,0.6368892204401343,0.3666376238218461,0.0,0.16,0.8444444444444444,0.2857142857142857,0.7540983606557377,0.7659574468085106,0.2857142857142857,0.8,0.9090909090909091,0.8043478260869565,,,,,,,1.0000000000000004e-08,0.560936755851513,0.5729797979797979,0.7247610722610722,,,,,0.0,0.09090909090909091,0.9047619047619048,0.16666666666666666,0.8214285714285714,0.8571428571428571,0.16666666666666666,0.8888888888888888,0.8333333333333334,1.0,0.0,0.6666666666666666,0.7916666666666666,1.0,0.696969696969697,0.6923076923076923,1.0,0.7272727272727273,1.0,0.6727272727272727,,,,0.7777777777777778,0.9798488664987405,2.3632606547185095,0.696969696969697,3.703746598176282,0.7533307788386916,0.8489804247380006,0.702020202020202
5dafc0f5e15e4ea4920a87ddb0de1432,dinov2_full_SO_s123,1,FINISHED,2026-05-06 13:55:55.236,2026-05-06 14:39:36.483,active,lucanidae_classifier,active,dinov2_vits14,16,16.75,0.2,0.3,1e-05,10,100,22.06,full,123,species_only,0.7222222222222223,0.6641065975756455,0.36561817126442686,0.0,0.26666666666666666,0.8695652173913043,0.09090909090909091,0.7966101694915254,0.8,0.23529411764705882,0.9166666666666666,1.0,0.7777777777777778,,,,,,,1.0000000000000002e-06,0.575348970655009,0.5842424242424242,0.7117715617715618,,,,,0.0,0.16666666666666666,0.9090909090909091,0.05,0.9038461538461539,0.8333333333333334,0.13333333333333333,0.8461538461538461,1.0,1.0,0.0,0.6666666666666666,0.8333333333333334,0.5,0.7121212121212122,0.7692307692307693,1.0,1.0,1.0,0.6363636363636364,,,,0.803030303030303,0.9326196473551637,2.355609058432975,0.686868686868687,3.646699972827025,0.7755522925861383,0.8753184525911799,0.7222222222222222
7cad8b80b3c84359bc28e1b8a45b96fc,dinov2_full_SO_s456,1,FINISHED,2026-05-06 14:39:45.789,2026-05-06 15:59:01.759,active,lucanidae_classifier,active,dinov2_vits14,16,16.7,0.2,0.3,1e-05,10,100,22.06,full,456,species_only,0.7373737373737375,0.6797113171156598,0.41388375921682885,0.0,0.2727272727272727,0.8888888888888888,0.2222222222222222,0.8548387096774194,0.8,0.125,0.8571428571428571,1.0,0.7692307692307693,,,,,,,1.0000000000000004e-08,0.579005071988943,0.6040088007374759,0.7283216783216784,,,,,0.0,0.15789473684210525,0.9523809523809523,0.125,0.9137931034482759,0.9473684210526315,0.07142857142857142,0.9,1.0,0.9722222222222222,0.0,1.0,0.8333333333333334,1.0,0.803030303030303,0.6923076923076923,0.5,0.8181818181818182,1.0,0.6363636363636364,,,,0.797979797979798,0.9861460957178841,2.3601105339280903,0.7373737373737375,3.6222181753678755,0.7919271624794596,0.8941304555944605,0.7373737373737373
a828ea9ea09b4408bdba5def1d1f934b,dinov2_full_MT_s42,1,FINISHED,2026-05-06 15:59:11.359,2026-05-06 16:30:30.615,active,lucanidae_classifier,active,dinov2_vits14,16,16.91,0.2,0.3,1e-05,10,100,22.06,full,42,multi_task,0.6313131313131314,0.5566529660757009,0.2719337524037169,0.0,0.25,0.6229508196721312,0.15384615384615385,0.6538461538461539,0.65,0.1111111111111111,0.8571428571428571,0.9090909090909091,0.803921568627451,0.6666666666666666,1.0,0.8181818181818182,0.6111111111111112,0.09090909090909091,0.4166666666666667,1e-05,0.5011909573336767,0.5249750787810699,0.6037121212121211,0.6666666666666666,0.4,0.75,0.6111111111111112,0.0,0.15384615384615385,0.5135135135135135,0.09090909090909091,0.8947368421052632,0.9285714285714286,0.0625,0.9,0.8333333333333334,0.8723404255319149,0.0,0.6666666666666666,0.7916666666666666,0.5,0.5151515151515151,0.5,0.5,0.8181818181818182,1.0,0.7454545454545455,0.9655172413793104,0.14646464646464646,0.9639751552795031,0.7878787878787878,0.8287153652392947,2.520302476450538,0.47979797979797983,3.8519807247200397,0.6791630939617556,0.7996644432343811,0.6313131313131313
960ce4d919624534b46380a362d38e37,dinov2_full_MT_s123,1,FINISHED,2026-05-06 16:30:39.937,2026-05-06 17:05:57.091,active,lucanidae_classifier,active,dinov2_vits14,16,17.32,0.2,0.3,1e-05,10,100,22.06,full,123,multi_task,0.6666666666666667,0.6045033593608136,0.3117043896756991,0.0,0.35294117647058826,0.8695652173913043,0.2,0.6788990825688074,0.8235294117647058,0.14285714285714285,0.8181818181818182,1.0,0.7415730337078652,1.0,0.0,0.7272727272727273,0.6111111111111112,0.09090909090909091,0.4666666666666666,1e-05,0.5627546882942231,0.5800645981165817,0.7619813519813519,0.6666666666666666,0.2,0.75,0.5555555555555556,0.0,0.21428571428571427,0.9090909090909091,0.1111111111111111,0.8604651162790697,0.84,0.07692307692307693,0.8181818181818182,1.0,0.9705882352941176,0.0,1.0,0.8333333333333334,1.0,0.5606060606060606,0.8076923076923077,1.0,0.8181818181818182,1.0,0.6,0.9655172413793104,0.14646464646464646,0.9626769626769627,0.797979797979798,0.8696473551637279,2.4784503163258433,0.595959595959596,3.8385708356144455,0.7253521416256241,0.852778575518699,0.6666666666666666
16ddb3f9cf72481fab841ecfa3d44055,dinov2_full_MT_s456,1,FINISHED,2026-05-06 17:06:06.551,2026-05-06 17:57:58.971,active,lucanidae_classifier,active,dinov2_vits14,16,17.02,0.2,0.3,1e-05,10,100,22.06,full,456,multi_task,0.6818181818181819,0.6215642254717554,0.31227173784164475,0.0,0.3157894736842105,0.8,0.12903225806451613,0.6732673267326733,0.84,0.15384615384615385,0.8181818181818182,1.0,0.8316831683168316,1.0,0.6666666666666666,0.9090909090909091,0.5555555555555556,0.09090909090909091,0.4759259259259259,1.0000000000000002e-07,0.5561800198826203,0.5782171333164586,0.7154662004662005,0.6666666666666666,0.4,0.75,0.6666666666666666,0.0,0.1875,0.8571428571428571,0.06896551724137931,0.9714285714285714,0.875,0.09090909090909091,0.8181818181818182,1.0,0.9130434782608695,0.0,1.0,0.75,1.0,0.5151515151515151,0.8076923076923077,0.5,0.8181818181818182,1.0,0.7636363636363637,0.9655172413793104,0.14646464646464646,0.9626769626769627,0.7676767676767676,0.9149874055415617,2.4759390642420773,0.6414141414141414,3.8520694067983916,0.741067389225536,0.8713906808402174,0.6818181818181818
93a8815d3dc74b548f37cebef4a1a129,dinov2_bbox_SO_s42,1,FINISHED,2026-05-06 17:58:08.514,2026-05-06 18:54:21.337,active,lucanidae_classifier,active,dinov2_vits14,16,16.85,0.2,0.3,1e-05,10,100,22.06,bbox,42,species_only,0.46956521739130436,0.3732830053827082,0.16840036628038985,0.0,0.05263157894736842,0.3157894736842105,0.21428571428571427,0.6068965517241379,0.6046511627906976,0.13333333333333333,0.7272727272727273,0.8235294117647058,0.5274725274725275,,,,,,,1.0000000000000002e-07,0.4005862481275423,0.4955715196909226,0.532737842617153,,,,,0.0,0.02857142857142857,0.46153846153846156,0.12,0.6567164179104478,0.9285714285714286,0.07142857142857142,0.8,1.0,0.8888888888888888,0.0,0.3333333333333333,0.24,1.0,0.5641025641025641,0.4482758620689655,1.0,0.6666666666666666,0.7,0.375,,,,0.6304347826086957,0.689505165851006,2.804512134383981,0.45217391304347826,4.285183616306471,0.54154686411759,0.72507988644134,0.46956521739130436
f4026cebab3a4eecaf7a1a124c909242,dinov2_bbox_SO_s123,1,FINISHED,2026-05-06 18:54:30.882,2026-05-06 19:56:43.452,active,lucanidae_classifier,active,dinov2_vits14,16,17.06,0.2,0.3,1e-05,10,100,22.06,bbox,123,species_only,0.5826086956521739,0.5117528691152732,0.2739284683180892,0.0,0.2,0.8,0.05,0.6349206349206349,0.7083333333333334,0.17391304347826086,0.782608695652174,0.7777777777777778,0.7254901960784313,,,,,,,1.0000000000000002e-07,0.4853043681240612,0.5528312437522964,0.618048574270557,,,,,0.0,0.1111111111111111,0.9,0.02702702702702703,0.8333333333333334,0.8947368421052632,0.09523809523809523,0.8181818181818182,0.875,0.9736842105263158,0.0,1.0,0.72,0.3333333333333333,0.5128205128205128,0.5862068965517241,1.0,0.75,0.7,0.578125,,,,0.6652173913043479,0.952147906470908,2.5153480057744892,0.5652173913043478,4.0821152396824045,0.6728858997915487,0.8475488274687358,0.5826086956521739
16753ff1574049c48276c5d8a4a50371,dinov2_bbox_SO_s456,1,FINISHED,2026-05-06 19:56:52.997,2026-05-06 20:43:04.576,active,lucanidae_classifier,active,dinov2_vits14,16,17.01,0.2,0.3,1e-05,10,100,22.06,bbox,456,species_only,0.5739130434782609,0.4974919184037455,0.23082699879356053,0.2,0.08888888888888889,0.7317073170731707,0.09090909090909091,0.7164179104477612,0.6382978723404256,0.26666666666666666,0.7142857142857143,0.9473684210526315,0.5858585858585859,,,,,,,1.0000000000000002e-06,0.4980400467522935,0.5502311066126855,0.6169084328028294,,,,,0.16666666666666666,0.047619047619047616,0.9375,0.05263157894736842,0.8571428571428571,0.8333333333333334,0.15384615384615385,0.625,1.0,0.8285714285714286,0.25,0.6666666666666666,0.6,0.3333333333333333,0.6153846153846154,0.5172413793103449,1.0,0.8333333333333334,0.9,0.453125,,,,0.7304347826086957,0.9157150625339858,2.65001345575342,0.5695652173913044,4.093956462196682,0.6525943816924288,0.8098477904627791,0.5739130434782609
c7ab86dd22a244a9b6dd52906a00e908,dinov2_bbox_MT_s42,1,FINISHED,2026-05-06 20:43:14.073,2026-05-06 21:47:36.647,active,lucanidae_classifier,active,dinov2_vits14,16,17.02,0.2,0.3,1e-05,10,100,22.06,bbox,42,multi_task,0.5782608695652174,0.5100149345515244,0.2478687824114509,0.0,0.13953488372093023,0.7906976744186046,0.15384615384615385,0.5950413223140496,0.7111111111111111,0.23529411764705882,0.8181818181818182,0.9473684210526315,0.7238095238095238,0.8,0.0,0.6,0.5294117647058824,0.07391304347826087,0.3814814814814815,1.0000000000000004e-08,0.5114885026101883,0.5900149681729376,0.6937012599469496,0.6666666666666666,0.5,0.75,0.6470588235294118,0.0,0.075,0.9444444444444444,0.08333333333333333,0.8372093023255814,1.0,0.13333333333333333,0.9,1.0,0.926829268292683,0.0,1.0,0.68,1.0,0.46153846153846156,0.5517241379310345,1.0,0.75,0.9,0.59375,0.8518518518518519,0.11739130434782609,0.8411764705882353,0.7043478260869566,0.9293094072865687,2.541358755489223,0.5478260869565218,4.261749922710917,0.6685621483638966,0.8642268544778471,0.5782608695652174
f76ffd109d264f23a755e7cd7c9141d0,dinov2_bbox_MT_s123,1,FINISHED,2026-05-06 21:47:46.406,2026-05-06 22:38:17.473,active,lucanidae_classifier,active,dinov2_vits14,16,16.72,0.2,0.3,1e-05,10,100,22.06,bbox,123,multi_task,0.5826086956521739,0.5143623806800687,0.2531686170593553,0.0,0.15789473684210525,0.7,0.18181818181818182,0.5982905982905983,0.7450980392156863,0.21052631578947367,0.8333333333333334,0.8571428571428571,0.7155963302752294,0.6,0.6666666666666666,0.7,0.5294117647058824,0.07391304347826087,0.4171122994652407,1.0000000000000002e-06,0.49997003927074646,0.5515948757125229,0.7006598695844386,0.6666666666666666,0.0,1.0,0.5882352941176471,0.0,0.08571428571428572,0.9333333333333333,0.1,0.8974358974358975,0.8636363636363636,0.11764705882352941,0.8333333333333334,0.8181818181818182,0.8666666666666667,0.0,1.0,0.56,1.0,0.44871794871794873,0.6551724137931034,1.0,0.8333333333333334,0.9,0.609375,0.8518518518518519,0.11739130434782609,0.8411764705882353,0.6869565217391305,0.895595432300163,2.5966332547362567,0.5217391304347826,4.306771245210067,0.6590621517414115,0.8383465639220116,0.5826086956521739
f5be26a26aa44c22b3180d0928117026,dinov2_bbox_MT_s456,1,FINISHED,2026-05-06 22:38:33.117,2026-05-06 23:24:26.148,active,lucanidae_classifier,active,dinov2_vits14,16,17.31,0.2,0.3,1e-05,10,100,22.06,bbox,456,multi_task,0.5434782608695652,0.46972025822317864,0.22238937609869505,0.0,0.15789473684210525,0.7659574468085106,0.17142857142857143,0.6229508196721312,0.5238095238095238,0.17391304347826086,0.7368421052631579,0.8888888888888888,0.6730769230769231,0.8,0.6666666666666666,0.7,0.5294117647058824,0.07391304347826087,0.3545454545454545,1.0000000000000002e-06,0.47147620592680733,0.5677674408924409,0.6516698165340407,0.6666666666666666,0.0,0.75,0.5294117647058824,0.0,0.08571428571428572,0.8181818181818182,0.09375,0.8636363636363636,0.8461538461538461,0.09523809523809523,1.0,1.0,0.875,0.0,1.0,0.72,1.0,0.48717948717948717,0.3793103448275862,1.0,0.5833333333333334,0.8,0.546875,0.8888888888888888,0.11739130434782609,0.8831168831168831,0.7217391304347827,0.8444806960304513,2.6270992283979275,0.5086956521739131,4.342106010602868,0.6307534327645808,0.8308065756707061,0.5434782608695652
249f3cdda9214ac892646813e65d72df,dinov2_seg_hard_SO_s42,1,FINISHED,2026-05-06 23:25:25.033,2026-05-07 00:46:00.635,active,lucanidae_classifier,active,dinov2_vits14,16,71.64,0.2,0.3,1e-05,10,100,22.06,seg_hard,42,species_only,0.5739130434782609,0.49356281034444016,0.2657221067210902,0.0,0.17647058823529413,0.7555555555555555,0.16216216216216217,0.7194244604316546,0.5853658536585366,0.2,0.75,0.5714285714285714,0.6336633663366337,,,,,,,1.0000000000000002e-06,0.4554070557808408,0.5580657594789551,0.6384818744473918,,,,,0.0,0.0967741935483871,0.85,0.08823529411764706,0.819672131147541,1.0,0.1111111111111111,0.75,1.0,0.8648648648648649,0.0,1.0,0.68,1.0,0.6410256410256411,0.41379310344827586,1.0,0.75,0.4,0.5,,,,0.6695652173913044,0.9651984774333876,2.5252856006435627,0.5608695652173913,4.113458318295686,0.6463662868246876,0.8231001228959995,0.5739130434782609
44f26c0b11604764bcd19339644a5b2e,dinov2_seg_hard_SO_s123,1,FINISHED,2026-05-07 00:46:15.876,2026-05-07 01:45:30.596,active,lucanidae_classifier,active,dinov2_vits14,16,17.01,0.2,0.3,1e-05,10,100,22.06,seg_hard,123,species_only,0.5652173913043478,0.47768820256614053,0.23494024218424508,0.0,0.2,0.6666666666666666,0.08695652173913043,0.5132743362831859,0.6666666666666666,0.25,0.7692307692307693,0.5714285714285714,0.7164179104477612,,,,,,,1.0000000000000002e-06,0.4440641442462751,0.500187054858241,0.562685234305924,,,,,0.0,0.11764705882352941,0.6206896551724138,0.05,0.8285714285714286,0.8421052631578947,0.14285714285714285,0.7142857142857143,1.0,0.6857142857142857,0.0,0.6666666666666666,0.72,0.3333333333333333,0.3717948717948718,0.5517241379310345,1.0,0.8333333333333334,0.4,0.75,,,,0.6521739130434783,0.9113648722131592,2.6587722652823205,0.5347826086956522,4.200428033911663,0.6008350826479023,0.7296202772121237,0.5652173913043478
933f6c53d4844d8ca64b9f3b1e8284ec,dinov2_seg_hard_SO_s456,1,FINISHED,2026-05-07 01:45:45.398,2026-05-07 03:02:52.139,active,lucanidae_classifier,active,dinov2_vits14,16,16.92,0.2,0.3,1e-05,10,100,22.06,seg_hard,456,species_only,0.5391304347826087,0.4651397481461981,0.23312376744073374,0.0,0.13636363636363635,0.7906976744186046,0.14634146341463414,0.6507936507936508,0.5909090909090909,0.18181818181818182,0.782608695652174,0.5714285714285714,0.6464646464646465,,,,,,,1.0000000000000004e-08,0.449742561126319,0.564986341037368,0.6303916887709992,,,,,0.0,0.07317073170731707,0.9444444444444444,0.07894736842105263,0.8541666666666666,0.8666666666666667,0.1,0.8181818181818182,1.0,0.9142857142857143,0.0,1.0,0.68,1.0,0.5256410256410257,0.4482758620689655,1.0,0.75,0.4,0.5,,,,0.6260869565217392,0.9684611201740075,2.619657730459843,0.5043478260869565,4.157508406431779,0.6319860406850167,0.8450359403360742,0.5391304347826087
a5c2aa0a25074806bddba72d9c990194,dinov2_seg_hard_MT_s42,1,FINISHED,2026-05-07 03:03:07.480,2026-05-07 03:49:52.116,active,lucanidae_classifier,active,dinov2_vits14,16,16.76,0.2,0.3,1e-05,10,100,22.06,seg_hard,42,multi_task,0.5130434782608696,0.4386943542588194,0.17494212272374524,0.14285714285714285,0.17647058823529413,0.7659574468085106,0.05405405405405406,0.411214953271028,0.6382978723404256,0.2,0.782608695652174,0.5882352941176471,0.7368421052631579,0.6,0.6666666666666666,0.7,0.5882352941176471,0.07391304347826087,0.4274322169059011,1.0000000000000002e-06,0.44965381525994347,0.5119900443003236,0.6008875994694961,0.6666666666666666,0.25,0.75,0.6470588235294118,0.1,0.0967741935483871,0.8181818181818182,0.029411764705882353,0.7586206896551724,0.8333333333333334,0.1111111111111111,0.8181818181818182,0.7142857142857143,0.84,0.25,1.0,0.72,0.3333333333333333,0.28205128205128205,0.5172413793103449,1.0,0.75,0.5,0.65625,0.8888888888888888,0.11739130434782609,0.8781954887218044,0.6565217391304348,0.8830886351277868,2.6391981645016775,0.4956521739130435,4.404359738723091,0.5818647623798546,0.7631106303145199,0.5130434782608696
569d83aa5e6c472abe81ccad308e6639,dinov2_seg_hard_MT_s123,1,FINISHED,2026-05-07 03:50:06.794,2026-05-07 05:15:28.366,active,lucanidae_classifier,active,dinov2_vits14,16,17.14,0.2,0.3,1e-05,10,100,22.06,seg_hard,123,multi_task,0.5739130434782609,0.5011729296684815,0.25734040620534315,0.0,0.1,0.9361702127659575,0.12903225806451613,0.676923076923077,0.6363636363636364,0.16,0.75,0.5714285714285714,0.6666666666666666,0.6,0.3333333333333333,0.6,0.5294117647058824,0.07391304347826087,0.404040404040404,1.0000000000000004e-08,0.4626584422212425,0.5684783469566078,0.5925819518125554,0.6666666666666666,0.75,0.75,0.6470588235294118,0.0,0.05405405405405406,1.0,0.07142857142857142,0.8461538461538461,0.9333333333333333,0.08695652173913043,0.75,1.0,0.9428571428571428,0.0,0.6666666666666666,0.88,0.6666666666666666,0.5641025641025641,0.4827586206896552,1.0,0.75,0.4,0.515625,0.8148148148148148,0.11739130434782609,0.7969924812030075,0.6695652173913044,0.933115823817292,2.555738391922893,0.5565217391304348,4.347067094885785,0.6654210866471318,0.8606951509976084,0.5739130434782609
eb4ab7b6d31046509051b62ac77d903c,dinov2_seg_hard_MT_s456,1,FINISHED,2026-05-07 05:15:41.926,2026-05-07 06:14:17.186,active,lucanidae_classifier,active,dinov2_vits14,16,16.4,0.2,0.3,1e-05,10,100,22.06,seg_hard,456,multi_task,0.5565217391304348,0.4819019014597735,0.22784358729486884,0.0,0.21428571428571427,0.7906976744186046,0.1276595744680851,0.6511627906976745,0.6808510638297872,0.16,0.782608695652174,0.5714285714285714,0.6464646464646465,1.0,0.3333333333333333,0.8,0.47058823529411764,0.07391304347826087,0.34385964912280703,1.0000000000000002e-07,0.4625158731245257,0.566446861748652,0.6420185676392574,0.6666666666666666,0.5,0.75,0.6470588235294118,0.0,0.12,0.9444444444444444,0.06818181818181818,0.8235294117647058,0.8888888888888888,0.08695652173913043,0.8181818181818182,1.0,0.9142857142857143,0.0,1.0,0.68,1.0,0.5384615384615384,0.5517241379310345,1.0,0.75,0.4,0.5,0.9259259259259259,0.11739130434782609,0.9166666666666666,0.6782608695652174,0.9004893964110929,2.6787236823278513,0.4956521739130435,4.351767830226732,0.6440347116872093,0.8378048219001182,0.5565217391304348
43576f38668c4d75bccb8b7fd343ce7d,dinov2_seg_soft_SO_s42,1,FINISHED,2026-05-07 06:14:32.053,2026-05-07 07:54:12.050,active,lucanidae_classifier,active,dinov2_vits14,16,16.8,0.2,0.3,1e-05,10,100,22.06,seg_soft,42,species_only,0.5304347826086957,0.456229066789256,0.2183610343414804,0.0,0.12244897959183673,0.7619047619047619,0.11764705882352941,0.6101694915254238,0.64,0.19047619047619047,0.782608695652174,0.5714285714285714,0.6476190476190476,,,,,,,1.0000000000000004e-08,0.44443027970215354,0.5485528021589084,0.6001179266136163,,,,,0.0,0.06521739130434782,0.9411764705882353,0.06451612903225806,0.9,0.7619047619047619,0.10526315789473684,0.8181818181818182,1.0,0.8292682926829268,0.0,1.0,0.64,0.6666666666666666,0.46153846153846156,0.5517241379310345,1.0,0.75,0.4,0.53125,,,,0.6391304347826087,0.9586731919521478,2.6161331821875184,0.5304347826086957,4.147067737579346,0.6211099521414409,0.8231118664636191,0.5304347826086957
95e7b92eedee4102a8e5bd378522d089,dinov2_seg_soft_SO_s123,1,FINISHED,2026-05-07 07:54:27.174,2026-05-07 08:47:48.715,active,lucanidae_classifier,active,dinov2_vits14,16,16.88,0.2,0.3,1e-05,10,100,22.06,seg_soft,123,species_only,0.5782608695652174,0.5043764162260631,0.25617267327464144,0.0,0.18181818181818182,0.8181818181818182,0.10526315789473684,0.6,0.7346938775510204,0.2,0.75,0.5714285714285714,0.7256637168141593,,,,,,,1.0000000000000002e-06,0.46870493236884875,0.5559499940327008,0.6259519783377543,,,,,0.0,0.1,0.9473684210526315,0.05714285714285714,0.8571428571428571,0.9,0.1111111111111111,0.75,1.0,0.8367346938775511,0.0,1.0,0.72,0.6666666666666666,0.46153846153846156,0.6206896551724138,1.0,0.75,0.4,0.640625,,,,0.7260869565217392,0.938553561718325,2.564267680332543,0.5652173913043478,4.134596410004989,0.6564290239698075,0.8255914112403161,0.5782608695652174
74f7d122fba14734a10af0bb98608b62,dinov2_seg_soft_SO_s456,1,FINISHED,2026-05-07 08:48:01.609,2026-05-07 09:52:13.656,active,lucanidae_classifier,active,dinov2_vits14,16,20.87,0.2,0.3,1e-05,10,100,22.06,seg_soft,456,species_only,0.5260869565217391,0.455272363818091,0.19956345778444542,0.0,0.17647058823529413,0.7804878048780488,0.12244897959183673,0.576271186440678,0.6046511627906976,0.13333333333333333,0.9090909090909091,0.5714285714285714,0.6990291262135923,,,,,,,1.0000000000000004e-08,0.45732116620029606,0.5935068507929657,0.6320006631299735,,,,,0.0,0.0967741935483871,1.0,0.06521739130434782,0.85,0.9285714285714286,0.07142857142857142,1.0,1.0,0.9230769230769231,0.0,1.0,0.64,1.0,0.4358974358974359,0.4482758620689655,1.0,0.8333333333333334,0.4,0.5625,,,,0.6434782608695652,0.8705818379554104,2.587687737984525,0.5086956521739131,4.176151317098866,0.6283517280715171,0.8692796800126515,0.5260869565217391
e29351ac7de94df2869d9ec462654c6b,dinov2_seg_soft_MT_s42,1,FINISHED,2026-05-07 09:52:27.172,2026-05-07 10:53:29.405,active,lucanidae_classifier,active,dinov2_vits14,16,17.91,0.2,0.3,1e-05,10,100,22.06,seg_soft,42,multi_task,0.46956521739130436,0.3928246851603411,0.151791988701924,0.0,0.18181818181818182,0.631578947368421,0.10256410256410256,0.5299145299145299,0.5652173913043478,0.09090909090909091,0.782608695652174,0.5714285714285714,0.6336633663366337,0.8,0.6666666666666666,0.8,0.4117647058823529,0.07391304347826087,0.3833333333333333,1.0000000000000002e-07,0.40897028772960525,0.5368875886522945,0.564237842617153,0.6666666666666666,0.0,0.75,0.5294117647058824,0.0,0.1,0.9230769230769231,0.05555555555555555,0.7948717948717948,0.7647058823529411,0.047619047619047616,0.8181818181818182,1.0,0.8648648648648649,0.0,1.0,0.48,0.6666666666666666,0.3974358974358974,0.4482758620689655,1.0,0.75,0.4,0.5,0.8518518518518519,0.11739130434782609,0.8333333333333333,0.6478260869565218,0.9021207177814029,2.5880036588075566,0.45217391304347826,4.4420453195986545,0.5661266169912667,0.7955862243330274,0.46956521739130436
fb73a20c488c4d0988fbfa1b16644d6c,dinov2_seg_soft_MT_s123,1,FINISHED,2026-05-07 10:53:42.560,2026-05-07 11:47:14.301,active,lucanidae_classifier,active,dinov2_vits14,16,18.33,0.2,0.3,1e-05,10,100,22.06,seg_soft,123,multi_task,0.5173913043478261,0.43221243661595954,0.2223872061656869,0.0,0.09523809523809523,0.7,0.05263157894736842,0.6762589928057554,0.6382978723404256,0.13793103448275862,0.7272727272727273,0.5714285714285714,0.5806451612903226,0.6,0.3333333333333333,0.6,0.47058823529411764,0.07391304347826087,0.34385964912280703,1.0000000000000002e-06,0.4179704033806025,0.5426394010905035,0.48350138152077804,0.6666666666666666,0.0,0.75,0.47058823529411764,0.0,0.05555555555555555,0.9333333333333333,0.02857142857142857,0.7704918032786885,0.8333333333333334,0.07407407407407407,0.8,1.0,0.9310344827586207,0.0,0.3333333333333333,0.56,0.3333333333333333,0.6025641025641025,0.5172413793103449,1.0,0.6666666666666666,0.4,0.421875,0.8888888888888888,0.11739130434782609,0.8712241653418125,0.6565217391304348,0.9042958129418162,2.619053737698462,0.5173913043478261,4.3767977880394975,0.6133963460538359,0.8138482463166022,0.5173913043478261
40e9856b86174c08a1dcafef793c6934,dinov2_seg_soft_MT_s456,1,FINISHED,2026-05-07 11:47:28.932,2026-05-07 12:30:40.896,active,lucanidae_classifier,active,dinov2_vits14,16,17.82,0.2,0.3,1e-05,10,100,22.06,seg_soft,456,multi_task,0.5,0.4285529101672212,0.21579238992670308,0.14285714285714285,0.15789473684210525,0.7457627118644068,0.13333333333333333,0.5272727272727272,0.5365853658536586,0.13333333333333333,0.6666666666666666,0.47058823529411764,0.6796116504854369,1.0,1.0,1.0,0.4117647058823529,0.07391304347826087,0.32941176470588235,1.0000000000000002e-06,0.41939059038029286,0.5270056890277479,0.5994646883289125,0.6666666666666666,0.25,0.5,0.5294117647058824,0.1,0.08571428571428572,0.6470588235294118,0.07407407407407407,0.90625,0.9166666666666666,0.07142857142857142,1.0,0.5714285714285714,0.8974358974358975,0.25,1.0,0.88,0.6666666666666666,0.3717948717948718,0.3793103448275862,1.0,0.5,0.4,0.546875,0.8148148148148148,0.11739130434782609,0.7969924812030075,0.6391304347826087,0.7862969004893964,2.6753600788479464,0.49130434782608695,4.390321416440218,0.5793266242011725,0.8244335186694521,0.5
5282549edd534036bd01deecce5c30b6,efficientnet_full_SX_s42,1,FINISHED,2026-05-08 00:50:03.821,2026-05-08 05:47:45.115,active,lucanidae_classifier,active,efficientnet_b3,16,17.53,0.2,0.3,0.0001,10,100,10.71,full,42,sex_only,0.8484848484848485,0.807972068664533,0.4573686174069992,0.0,0.46153846153846156,0.8571428571428571,0.5,0.8661417322834646,0.84,0.4444444444444444,0.9166666666666666,1.0,0.9245283018867925,0.8333333333333334,1.0,0.9090909090909091,,,,1.0000000000000002e-06,0.6810462463962688,0.6509291789855917,0.7906934731934732,0.6666666666666666,0.6,1.0,0.7777777777777778,0.0,0.3,0.84,0.5,0.9016393442622951,0.875,0.2857142857142857,0.8461538461538461,1.0,0.9607843137254902,0.0,1.0,0.875,0.5,0.8333333333333334,0.8076923076923077,1.0,1.0,1.0,0.8909090909090909,1.0,0.14646464646464646,1.0,0.8686868686868687,0.9382871536523929,2.4344220352112798,0.8383838383838385,3.6170480949710115,0.8524377631956991,0.868891186138052,0.8484848484848485
f92e6fa592b24eab92383f7cc8bbf816,efficientnet_full_SX_s123,1,FINISHED,2026-05-08 05:48:02.130,2026-05-08 10:57:26.538,active,lucanidae_classifier,active,efficientnet_b3,16,23.94,0.2,0.3,0.0001,10,100,10.71,full,123,sex_only,0.8434343434343435,0.7996736292428198,0.4654621789702262,0.0,0.3333333333333333,0.8372093023255814,0.6666666666666666,0.8613138686131386,0.875,0.4444444444444444,0.8695652173913043,1.0,0.9320388349514563,0.8333333333333334,1.0,0.9090909090909091,,,,1.0000000000000002e-07,0.6819571667725925,0.6574169632360884,0.790011655011655,0.6666666666666666,0.8,1.0,0.7777777777777778,0.0,0.2222222222222222,0.9473684210526315,0.5,0.8309859154929577,0.9545454545454546,0.2857142857142857,0.8333333333333334,1.0,1.0,0.0,0.6666666666666666,0.75,1.0,0.8939393939393939,0.8076923076923077,1.0,0.9090909090909091,1.0,0.8727272727272727,0.9655172413793104,0.14646464646464646,0.9639751552795031,0.8737373737373737,0.9301007556675063,2.4713818894825894,0.8080808080808082,3.590098833796954,0.852218758182514,0.8778023042966773,0.8434343434343434
4585d82af2db4b6aafc235d261fbd032,efficientnet_full_SX_s456,1,FINISHED,2026-05-08 10:57:44.201,2026-05-08 16:38:16.256,active,lucanidae_classifier,active,efficientnet_b3,16,24.54,0.2,0.3,0.0001,10,100,10.71,full,456,sex_only,0.8585858585858587,0.8194666058810121,0.4649850521424805,0.0,0.5,0.9019607843137255,0.3333333333333333,0.8939393939393939,0.8627450980392157,0.5714285714285714,0.8333333333333334,1.0,0.8932038834951457,1.0,0.3333333333333333,0.8181818181818182,,,,1.0000000000000002e-06,0.6789944397882719,0.6403355348355348,0.7610547785547785,1.0,0.8,1.0,0.8333333333333334,0.0,0.4,0.8518518518518519,0.25,0.8939393939393939,0.88,0.4,0.7692307692307693,1.0,0.9583333333333334,0.0,0.6666666666666666,0.9583333333333334,0.5,0.8939393939393939,0.8461538461538461,1.0,0.9090909090909091,1.0,0.8363636363636363,0.9310344827586207,0.14646464646464646,0.9267676767676767,0.898989898989899,0.9792191435768262,2.4436474645167814,0.8535353535353536,3.6257213245738638,0.856973916368548,0.8636076577743245,0.8585858585858586
8f9d34fda69d40418b29601ba4c12bcb,efficientnet_full_FO_s42,1,FINISHED,2026-05-08 16:38:30.431,2026-05-08 22:08:25.224,active,lucanidae_classifier,active,efficientnet_b3,16,23.14,0.2,0.3,0.0001,10,100,10.72,full,42,form_only,0.8181818181818182,0.7720061412487206,0.43394989753612356,0.0,0.2222222222222222,0.8571428571428571,0.25,0.8387096774193549,0.8627450980392157,0.3333333333333333,0.8695652173913043,1.0,0.9320388349514563,,,,0.5555555555555556,0.09090909090909091,0.42735042735042733,1.0000000000000004e-08,0.6165757240499744,0.5999885057471264,0.6957517482517483,,,,,0.0,0.13333333333333333,0.84,0.16666666666666666,0.896551724137931,0.88,0.25,0.8333333333333334,1.0,1.0,0.0,0.6666666666666666,0.875,0.5,0.7878787878787878,0.8461538461538461,0.5,0.9090909090909091,1.0,0.8727272727272727,,,,0.8737373737373737,0.9275818639798489,2.447846009689254,0.8131313131313131,3.80335065090295,0.8384763963489564,0.8717798676419366,0.8181818181818182
e374a14e250c406eb62aeb57fb70cc81,efficientnet_full_FO_s123,1,FINISHED,2026-05-08 22:08:39.573,2026-05-09 02:34:38.931,active,lucanidae_classifier,active,efficientnet_b3,16,22.05,0.2,0.3,0.0001,10,100,10.72,full,123,form_only,0.8181818181818182,0.7704791344667696,0.4465124883284472,0.0,0.2857142857142857,0.8163265306122449,0.25,0.8372093023255814,0.8571428571428571,0.5,0.9090909090909091,1.0,0.9215686274509803,,,,0.6111111111111112,0.09090909090909091,0.4678362573099415,1.0000000000000002e-07,0.6377052512336859,0.6161095426312817,0.7389510489510489,,,,,0.0,0.18181818181818182,0.8,0.16666666666666666,0.8571428571428571,0.9130434782608695,0.3333333333333333,0.9090909090909091,1.0,1.0,0.0,0.6666666666666666,0.8333333333333334,0.5,0.8181818181818182,0.8076923076923077,1.0,0.9090909090909091,1.0,0.8545454545454545,,,,0.8686868686868687,0.9130982367758186,2.5763703107233313,0.7777777777777778,3.8329878624039466,0.8342261734386026,0.8639192603619481,0.8181818181818182
62710618facb493ead1868dc87ac5b7a,efficientnet_full_FO_s456,1,FINISHED,2026-05-09 02:34:53.612,2026-05-09 07:20:27.446,active,lucanidae_classifier,active,efficientnet_b3,16,23.67,0.2,0.3,0.0001,10,100,10.72,full,456,form_only,0.8282828282828284,0.7819100686795387,0.4519332760211192,0.0,0.5,0.84,0.6666666666666666,0.8396946564885496,0.88,0.2,0.8333333333333334,1.0,0.9019607843137255,,,,0.5,0.09090909090909091,0.37894736842105264,1.0000000000000004e-08,0.6661655440802277,0.6776800327332243,0.7299941724941725,,,,,0.0,0.3333333333333333,0.8076923076923077,1.0,0.8461538461538461,0.9166666666666666,0.125,0.7692307692307693,1.0,0.9787234042553191,0.0,1.0,0.875,0.5,0.8333333333333334,0.8461538461538461,0.5,0.9090909090909091,1.0,0.8363636363636363,,,,0.8787878787878788,0.8973551637279596,2.4948198080663415,0.7828282828282829,3.8196153062762637,0.8356954063914099,0.8565930720186039,0.8282828282828283
918c5240921141b4be13234f0e2cf438,convnext_full_MT_lsex0.05_lform0.2_s42,1,FINISHED,2026-05-09 08:21:48.209,2026-05-09 09:31:39.521,active,lucanidae_classifier,active,convnext_tiny,16,9.03,0.2,0.05,0.0001,10,100,27.83,full,42,multi_task,0.7676767676767677,0.7146616541353383,0.41192542513211566,0.0,0.24,0.9090909090909091,0.3076923076923077,0.7933884297520661,0.8085106382978723,0.36363636363636365,0.8695652173913043,1.0,0.8775510204081632,0.6666666666666666,1.0,0.8181818181818182,0.5555555555555556,0.09090909090909091,0.4456140350877193,1.0000000000000004e-08,0.6169434886268987,0.6151226551226552,0.7982284382284383,0.6666666666666666,0.8,0.75,0.7777777777777778,0.0,0.13636363636363635,1.0,0.18181818181818182,0.8727272727272727,0.9047619047619048,0.2222222222222222,0.8333333333333334,1.0,1.0,0.0,1.0,0.8333333333333334,1.0,0.7272727272727273,0.7307692307692307,1.0,0.9090909090909091,1.0,0.7818181818181819,0.9310344827586207,0.14646464646464646,0.9236842105263158,0.8131313131313131,0.9722921914357683,2.3952514542740597,0.7676767676767677,3.7410138929733123,0.808567048656432,0.8864022621598379,0.7676767676767676
5ee02b58d9074cee9eb520cbba9662ac,convnext_full_MT_lsex0.1_lform0.2_s42,1,FINISHED,2026-05-09 09:31:54.932,2026-05-09 10:48:50.714,active,lucanidae_classifier,active,convnext_tiny,16,9.96,0.2,0.1,0.0001,10,100,27.83,full,42,multi_task,0.797979797979798,0.7491527571025877,0.442644075010762,0.0,0.23529411764705882,0.8837209302325582,0.26666666666666666,0.8412698412698413,0.8571428571428571,0.4,0.9166666666666666,1.0,0.8775510204081632,1.0,1.0,0.9090909090909091,0.6111111111111112,0.09090909090909091,0.4807017543859649,1.0000000000000004e-08,0.6278312100033812,0.6189233954451346,0.7850874125874125,0.6666666666666666,0.8,1.0,0.8333333333333334,0.0,0.14285714285714285,1.0,0.15384615384615385,0.8833333333333333,0.9130434782608695,0.25,0.8461538461538461,1.0,1.0,0.0,0.6666666666666666,0.7916666666666666,1.0,0.803030303030303,0.8076923076923077,1.0,1.0,1.0,0.7818181818181819,0.9655172413793104,0.14646464646464646,0.9626769626769627,0.8232323232323232,0.9836272040302266,2.4077059081579635,0.792929292929293,3.7089177911931817,0.830336774127081,0.8918337700946397,0.797979797979798
9fb19f3877874314a9292e36ecd35ee5,convnext_full_MT_lsex0.2_lform0.2_s42,1,FINISHED,2026-05-09 10:49:05.797,2026-05-09 12:13:38.836,active,lucanidae_classifier,active,convnext_tiny,16,9.55,0.2,0.2,0.0001,10,100,27.83,full,42,multi_task,0.8181818181818182,0.7734913724617878,0.4528814460894074,0.0,0.3,0.8837209302325582,0.4,0.848,0.88,0.36363636363636365,0.9090909090909091,1.0,0.9108910891089109,0.8333333333333334,1.0,0.9090909090909091,0.5555555555555556,0.09090909090909091,0.45925925925925926,1e-05,0.6495339292068742,0.6372755470960855,0.8186305361305362,0.6666666666666666,0.8,1.0,0.8333333333333334,0.0,0.17647058823529413,1.0,0.25,0.8983050847457628,0.9166666666666666,0.2222222222222222,0.9090909090909091,1.0,1.0,0.0,1.0,0.7916666666666666,1.0,0.803030303030303,0.8461538461538461,1.0,0.9090909090909091,1.0,0.8363636363636363,0.9655172413793104,0.14646464646464646,0.9626769626769627,0.8333333333333334,0.9855163727959697,2.440312857591836,0.8030303030303031,3.737328365595654,0.8463817421911325,0.9019965915944647,0.8181818181818182
9cf52c477fe14cbaae876bab8614089e,convnext_full_MT_lsex0.3_lform0.2_s42,1,FINISHED,2026-05-09 12:13:53.980,2026-05-09 13:40:52.694,active,lucanidae_classifier,active,convnext_tiny,16,9.69,0.2,0.3,0.0001,10,100,27.83,full,42,multi_task,0.8282828282828284,0.7843759008359759,0.46307569501375917,0.0,0.4,0.9090909090909091,0.5,0.8837209302325582,0.8260869565217391,0.2857142857142857,0.9166666666666666,1.0,0.8823529411764706,1.0,1.0,1.0,0.6111111111111112,0.09090909090909091,0.4666666666666666,1.0000000000000004e-08,0.660363268940263,0.6408362559426389,0.8245920745920745,0.6666666666666666,1.0,1.0,0.8888888888888888,0.0,0.25,1.0,0.3333333333333333,0.9047619047619048,0.95,0.16666666666666666,0.8461538461538461,1.0,0.9574468085106383,0.0,1.0,0.8333333333333334,1.0,0.8636363636363636,0.7307692307692307,1.0,1.0,1.0,0.8181818181818182,0.9655172413793104,0.14646464646464646,0.9626769626769627,0.8484848484848485,0.9874055415617128,2.3562575373001002,0.8232323232323233,3.710608048872514,0.848516150265473,0.8946038004548643,0.8282828282828283
b224a62553a74df9b434d0088d5a8f4e,convnext_full_MT_lsex0.5_lform0.2_s42,1,FINISHED,2026-05-09 13:41:07.762,2026-05-09 15:00:39.492,active,lucanidae_classifier,active,convnext_tiny,16,8.66,0.2,0.5,0.0001,10,100,27.83,full,42,multi_task,0.8131313131313131,0.7618025751072961,0.44631040818763495,0.0,0.13333333333333333,0.8636363636363636,0.2222222222222222,0.8776978417266187,0.782608695652174,0.5714285714285714,0.9090909090909091,1.0,0.8888888888888888,1.0,1.0,0.9090909090909091,0.6666666666666666,0.09090909090909091,0.5231259968102073,1.0000000000000002e-07,0.624890682597908,0.622089782363755,0.6950641025641026,0.6666666666666666,1.0,1.0,0.8888888888888888,0.0,0.08333333333333333,0.95,0.14285714285714285,0.8356164383561644,0.9,0.4,0.9090909090909091,1.0,1.0,0.0,0.3333333333333333,0.7916666666666666,0.5,0.9242424242424242,0.6923076923076923,1.0,0.9090909090909091,1.0,0.8,0.9655172413793104,0.14646464646464646,0.9626769626769627,0.8434343434343434,0.9880352644836272,2.2354706775031103,0.8030303030303031,3.746356559522224,0.8327239739614977,0.8721535314001067,0.8131313131313131
daac70e4b5af44a489e61b3f2ce65b60,convnext_full_MT_lsex1.0_lform0.2_s42,1,FINISHED,2026-05-09 15:00:54.754,2026-05-09 16:25:24.011,active,lucanidae_classifier,active,convnext_tiny,16,9.45,0.2,1.0,0.0001,10,100,27.83,full,42,multi_task,0.792929292929293,0.7434584755403868,0.43046326536421825,0.0,0.2857142857142857,0.8837209302325582,0.3076923076923077,0.848,0.8085106382978723,0.36363636363636365,0.9090909090909091,1.0,0.8888888888888888,1.0,1.0,1.0,0.6111111111111112,0.09090909090909091,0.48148148148148145,1.0000000000000004e-08,0.6295254323553185,0.6282864969305647,0.803455710955711,0.6666666666666666,1.0,1.0,0.8888888888888888,0.0,0.16666666666666666,1.0,0.18181818181818182,0.8983050847457628,0.9047619047619048,0.2222222222222222,0.9090909090909091,1.0,1.0,0.0,1.0,0.7916666666666666,1.0,0.803030303030303,0.7307692307692307,1.0,0.9090909090909091,1.0,0.8,1.0,0.14646464646464646,1.0,0.8434343434343434,0.9710327455919395,2.4527744015758524,0.7525252525252526,3.697225638110228,0.8297336768182584,0.899596090530862,0.7929292929292929
b2bb55b2ed014b7286fd575ad3ff19b8,convnext_full_MT_lsex0.3_lform0.05_s42,1,FINISHED,2026-05-09 16:25:39.099,2026-05-09 17:59:49.794,active,lucanidae_classifier,active,convnext_tiny,16,9.31,0.05,0.3,0.0001,10,100,27.83,full,42,multi_task,0.8434343434343435,0.8010759657765103,0.4617175082817222,0.0,0.3333333333333333,0.9090909090909091,0.5,0.8507462686567164,0.875,0.4,0.9166666666666666,1.0,0.9215686274509803,0.8333333333333334,1.0,0.8181818181818182,0.6666666666666666,0.09090909090909091,0.4857142857142857,1.0000000000000004e-08,0.6706405805198605,0.6444490150372504,0.8025874125874125,0.6666666666666666,1.0,1.0,0.8888888888888888,0.0,0.2222222222222222,1.0,0.3333333333333333,0.8382352941176471,0.9545454545454546,0.25,0.8461538461538461,1.0,1.0,0.0,0.6666666666666666,0.8333333333333334,1.0,0.8636363636363636,0.8076923076923077,1.0,1.0,1.0,0.8545454545454545,0.9655172413793104,0.14646464646464646,0.9626769626769627,0.8787878787878788,0.9899244332493703,2.3349453533626625,0.8434343434343435,3.537295770163488,0.8549850676397088,0.8852663478331928,0.8434343434343434
e9b990952da74bb992bdc047d413ec33,convnext_full_MT_lsex0.3_lform0.1_s42,1,FINISHED,2026-05-09 18:00:05.010,2026-05-09 19:06:26.568,active,lucanidae_classifier,active,convnext_tiny,16,9.14,0.1,0.3,0.0001,10,100,27.83,full,42,multi_task,0.792929292929293,0.7439762835877382,0.4271011856017691,0.0,0.2857142857142857,0.8636363636363636,0.2,0.8333333333333334,0.875,0.2857142857142857,0.9090909090909091,1.0,0.8932038834951457,0.8333333333333334,1.0,0.9090909090909091,0.5555555555555556,0.09090909090909091,0.4456140350877193,1.0000000000000002e-07,0.6145693060984323,0.6156228956228956,0.7602389277389277,0.6666666666666666,0.8,1.0,0.8333333333333334,0.0,0.16666666666666666,0.95,0.125,0.9259259259259259,0.9545454545454546,0.16666666666666666,0.9090909090909091,1.0,0.9583333333333334,0.0,1.0,0.7916666666666666,0.5,0.7575757575757576,0.8076923076923077,1.0,0.9090909090909091,1.0,0.8363636363636363,0.9310344827586207,0.14646464646464646,0.9236842105263158,0.8333333333333334,0.9842569269521411,2.3615858584867615,0.7828282828282829,3.680804146660699,0.8304649381216018,0.8965705030098969,0.7929292929292929
0173482cd634430c8007ac94e8fe60f3,convnext_full_MT_lsex0.3_lform0.3_s42,1,FINISHED,2026-05-09 19:06:41.969,2026-05-09 20:28:18.090,active,lucanidae_classifier,active,convnext_tiny,16,10.69,0.3,0.3,0.0001,10,100,27.83,full,42,multi_task,0.8131313131313131,0.766873508353222,0.43901476896170416,0.0,0.2608695652173913,0.8636363636363636,0.25,0.8571428571428571,0.851063829787234,0.5,0.88,1.0,0.9108910891089109,0.8333333333333334,1.0,0.9090909090909091,0.6111111111111112,0.09090909090909091,0.4666666666666666,1.0000000000000004e-08,0.6373603704892756,0.6238095238095238,0.7715442890442891,0.6666666666666666,1.0,1.0,0.8888888888888888,0.0,0.15,0.95,0.16666666666666666,0.9,0.9523809523809523,0.3333333333333333,0.7857142857142857,1.0,1.0,0.0,1.0,0.7916666666666666,0.5,0.8181818181818182,0.7692307692307693,1.0,1.0,1.0,0.8363636363636363,0.9310344827586207,0.14646464646464646,0.9236842105263158,0.8535353535353535,0.9874055415617128,2.434348771193766,0.8080808080808082,3.8313661584950456,0.8408483811606648,0.8942159692159692,0.8131313131313131
4edd10fa16cb413f9d603f29c1dea05c,convnext_full_MT_lsex0.3_lform0.5_s42,1,FINISHED,2026-05-09 20:28:33.526,2026-05-09 21:16:47.744,active,lucanidae_classifier,active,convnext_tiny,16,9.28,0.5,0.3,0.0001,10,100,27.83,full,42,multi_task,0.7474747474747475,0.6920684292379471,0.38671346994662525,0.0,0.2608695652173913,0.8571428571428571,0.26666666666666666,0.8067226890756303,0.7755102040816326,0.2857142857142857,0.8695652173913043,1.0,0.8541666666666666,1.0,1.0,1.0,0.5555555555555556,0.09090909090909091,0.4274322169059011,1.0000000000000002e-06,0.5976358151956436,0.6035593487726383,0.7862587412587412,0.6666666666666666,0.8,0.75,0.7777777777777778,0.0,0.15,1.0,0.15384615384615385,0.9056603773584906,0.8260869565217391,0.16666666666666666,0.8333333333333334,1.0,1.0,0.0,1.0,0.75,1.0,0.7272727272727273,0.7307692307692307,1.0,0.9090909090909091,1.0,0.7454545454545455,0.9310344827586207,0.14646464646464646,0.9236842105263158,0.8484848484848485,0.9502518891687657,2.3908927302516676,0.7323232323232324,4.0243235501376065,0.7950007374491298,0.8864118084995855,0.7474747474747475
40db6a1df865423da87ecf32059be061,convnext_full_MT_lsex0.3_lform1.0_s42,1,FINISHED,2026-05-09 21:17:02.796,2026-05-09 22:00:37.628,active,lucanidae_classifier,active,convnext_tiny,16,9.45,1.0,0.3,0.0001,10,100,27.83,full,42,multi_task,0.7020202020202021,0.6376213667524893,0.3489037380375043,0.0,0.25,0.8444444444444444,0.2857142857142857,0.8188976377952756,0.8,0.18181818181818182,0.75,1.0,0.7058823529411765,1.0,0.3333333333333333,0.8181818181818182,0.6111111111111112,0.09090909090909091,0.4666666666666666,1e-05,0.5636756902713365,0.5839754177372815,0.713548951048951,0.6666666666666666,0.8,0.75,0.7777777777777778,0.0,0.14285714285714285,0.9047619047619048,0.2,0.8524590163934426,0.9473684210526315,0.1,0.6923076923076923,1.0,1.0,0.0,1.0,0.7916666666666666,0.5,0.7878787878787878,0.6923076923076923,1.0,0.8181818181818182,1.0,0.5454545454545454,0.9310344827586207,0.14646464646464646,0.9236842105263158,0.8232323232323232,0.9250629722921914,2.362298384121143,0.6565656565656566,4.492931616426718,0.7518813389292146,0.8649096756948353,0.702020202020202
f3c374d22c5f45abbeae52a4fecc51b0,convnext_full_SX_s42,1,FINISHED,2026-05-10 04:08:27.113,2026-05-10 05:03:29.294,active,lucanidae_classifier,active,convnext_tiny,16,8.53,0.2,0.3,0.0001,10,100,27.83,full,42,sex_only,0.7828282828282829,0.7313517606967058,0.4190382317762182,0.0,0.23529411764705882,0.8571428571428571,0.26666666666666666,0.819672131147541,0.8163265306122449,0.3333333333333333,0.9166666666666666,1.0,0.8910891089108911,0.8333333333333334,0.6666666666666666,0.8181818181818182,,,,1.0000000000000002e-07,0.613619141212726,0.6083540372670808,0.7761655011655012,0.6666666666666666,0.8,1.0,0.7777777777777778,0.0,0.14285714285714285,1.0,0.15384615384615385,0.8928571428571429,0.8695652173913043,0.2,0.8461538461538461,1.0,0.9782608695652174,0.0,0.6666666666666666,0.75,1.0,0.7575757575757576,0.7692307692307693,1.0,1.0,1.0,0.8181818181818182,0.9310344827586207,0.14646464646464646,0.9236842105263158,0.8383838383838383,0.9735516372795969,2.4105328036195384,0.7828282828282829,3.592624394580571,0.817643412623526,0.8827554088423655,0.7828282828282829
9665427fca894e438a85e86598d06ee9,convnext_full_SX_s123,1,FINISHED,2026-05-10 05:03:42.327,2026-05-10 06:03:32.961,active,lucanidae_classifier,active,convnext_tiny,16,8.8,0.2,0.3,0.0001,10,100,27.83,full,123,sex_only,0.787878787878788,0.7365603319922704,0.423755323947078,0.0,0.19047619047619047,0.8095238095238095,0.36363636363636365,0.8571428571428571,0.8333333333333334,0.4,0.8695652173913043,1.0,0.8888888888888888,1.0,0.6666666666666666,0.9090909090909091,,,,1.0000000000000002e-07,0.6212566660392748,0.617020202020202,0.7671503496503497,0.6666666666666666,1.0,1.0,0.8333333333333334,0.0,0.1111111111111111,0.9444444444444444,0.2222222222222222,0.9,0.9090909090909091,0.25,0.8333333333333334,1.0,1.0,0.0,0.6666666666666666,0.7083333333333334,1.0,0.8181818181818182,0.7692307692307693,1.0,0.9090909090909091,1.0,0.8,0.9655172413793104,0.14646464646464646,0.9626769626769627,0.8232323232323232,0.9848866498740554,2.384158533826583,0.7727272727272728,3.584486657922918,0.824340779017986,0.8896337108458321,0.7878787878787878
e69889a56a1d4ed29254c4304d1f46d9,convnext_full_SX_s456,1,FINISHED,2026-05-10 06:03:45.527,2026-05-10 07:18:31.772,active,lucanidae_classifier,active,convnext_tiny,16,9.11,0.2,0.3,0.0001,10,100,27.83,full,456,sex_only,0.8636363636363638,0.8272083777756231,0.4802302387025621,0.0,0.5454545454545454,0.9333333333333333,0.36363636363636365,0.8854961832061069,0.875,0.4,0.9090909090909091,1.0,0.9423076923076923,1.0,1.0,1.0,,,,1.0000000000000004e-08,0.6854319027028951,0.6603166278166278,0.8361480186480186,0.6666666666666666,1.0,1.0,0.8888888888888888,0.0,0.375,1.0,0.2222222222222222,0.8923076923076924,0.9545454545454546,0.25,0.9090909090909091,1.0,1.0,0.0,1.0,0.875,1.0,0.8787878787878788,0.8076923076923077,1.0,0.9090909090909091,1.0,0.8909090909090909,0.9310344827586207,0.14646464646464646,0.9236842105263158,0.8787878787878788,0.9892947103274559,2.394167763760468,0.8535353535353536,3.5371494871197324,0.876683371374558,0.9079794644188582,0.8636363636363636
bf6c756af21c4aaa9300a2416333aa6b,swin_full_SX_s42,1,FINISHED,2026-05-10 07:25:27.093,2026-05-10 08:37:29.308,active,lucanidae_classifier,active,swin_tiny,16,15.94,0.2,0.3,0.0001,10,100,27.53,full,42,sex_only,0.8282828282828284,0.7846931269389452,0.46988147256350277,0.3333333333333333,0.3076923076923077,0.8936170212765957,0.4444444444444444,0.8769230769230769,0.88,0.36363636363636365,0.8695652173913043,1.0,0.865979381443299,0.8333333333333334,1.0,0.9090909090909091,,,,1.0000000000000002e-07,0.6835191146140724,0.6761604986197377,0.8174184149184149,1.0,1.0,1.0,0.8888888888888888,0.5,0.2,0.9130434782608695,0.2857142857142857,0.890625,0.9166666666666666,0.2222222222222222,0.8333333333333334,1.0,1.0,0.25,0.6666666666666666,0.875,1.0,0.8636363636363636,0.8461538461538461,1.0,0.9090909090909091,1.0,0.7636363636363637,0.9655172413793104,0.14646464646464646,0.9626769626769627,0.8636363636363636,0.9420654911838791,2.4869607904696043,0.8181818181818182,3.532299422254466,0.84985043853949,0.8955058913845145,0.8282828282828283
a8305780c32e4afcaa3e719584b5855f,swin_full_SX_s123,1,FINISHED,2026-05-10 08:37:42.325,2026-05-10 09:36:10.593,active,lucanidae_classifier,active,swin_tiny,16,16.81,0.2,0.3,0.0001,10,100,27.53,full,123,sex_only,0.797979797979798,0.7495572982544902,0.42256852419990487,0.3333333333333333,0.4,0.8936170212765957,0.2857142857142857,0.7704918032786885,0.92,0.4444444444444444,0.9090909090909091,0.9090909090909091,0.88,0.8333333333333334,1.0,0.9090909090909091,,,,1.0000000000000002e-07,0.6745782706229166,0.663324549846289,0.8430827505827507,0.6666666666666666,0.4,1.0,0.7222222222222222,0.5,0.25,0.9130434782608695,0.16666666666666666,0.8392857142857143,0.9583333333333334,0.2857142857142857,0.9090909090909091,0.8333333333333334,0.9777777777777777,0.25,1.0,0.875,1.0,0.7121212121212122,0.8846153846153846,1.0,0.9090909090909091,1.0,0.8,0.9310344827586207,0.14646464646464646,0.9236842105263158,0.8686868686868687,0.9175062972292192,2.4622404725485545,0.797979797979798,3.5695092172333687,0.8240321861926115,0.8778877456413688,0.797979797979798
e2272939561b484aa94604b6963c47bd,swin_full_SX_s456,1,FINISHED,2026-05-10 09:36:22.029,2026-05-10 10:17:19.228,active,lucanidae_classifier,active,swin_tiny,16,15.39,0.2,0.3,0.0001,10,100,27.53,full,456,sex_only,0.792929292929293,0.7409286740067018,0.4125618247522248,0.0,0.3333333333333333,0.9333333333333333,0.3333333333333333,0.8125,0.8979591836734694,0.36363636363636365,0.7692307692307693,1.0,0.8282828282828283,0.8333333333333334,0.3333333333333333,0.7272727272727273,,,,1e-05,0.6271609144823431,0.6038160709479082,0.7830244755244755,1.0,0.6,1.0,0.7777777777777778,0.0,0.2222222222222222,1.0,0.2,0.8387096774193549,0.9565217391304348,0.2222222222222222,0.6666666666666666,1.0,0.9318181818181818,0.0,0.6666666666666666,0.875,1.0,0.7878787878787878,0.8461538461538461,1.0,0.9090909090909091,1.0,0.7454545454545455,0.9655172413793104,0.14646464646464646,0.9626769626769627,0.8585858585858586,0.9181360201511335,2.3936736757869386,0.7474747474747475,3.5847189113347215,0.8120352130633516,0.8551456988460261,0.7929292929292929
4a47b84235a641538dae54ddaab0ba8e,vit_full_SX_s42,1,FINISHED,2026-05-10 10:41:23.964,2026-05-10 11:16:59.015,active,lucanidae_classifier,active,vit_small,16,7.21,0.2,0.3,0.0001,10,100,85.81,full,42,sex_only,0.6313131313131314,0.5397987773815589,0.2924481554314344,0.0,0.0,0.5384615384615384,0.16666666666666666,0.7107438016528925,0.5925925925925926,0.25,0.7368421052631579,1.0,0.7450980392156863,0.8333333333333334,0.6666666666666666,0.7272727272727273,,,,1.0000000000000004e-08,0.47404047438525343,0.48034240582112925,0.5177505827505827,0.6666666666666666,0.4,0.75,0.5555555555555556,0.0,0.0,0.5,0.1,0.7818181818181819,0.5714285714285714,0.16666666666666666,0.875,1.0,0.8085106382978723,0.0,0.0,0.5833333333333334,0.5,0.6515151515151515,0.6153846153846154,0.5,0.6363636363636364,1.0,0.6909090909090909,0.7586206896551724,0.14646464646464646,0.7478260869565218,0.6818181818181818,0.9685138539042821,2.424461846988207,0.6262626262626263,4.102977714153251,0.6573664842811416,0.6973917237215109,0.6313131313131313
c5c141f937a743cca3a267d7c91aef91,vit_full_SX_s123,1,FINISHED,2026-05-10 11:17:08.382,2026-05-10 11:57:50.225,active,lucanidae_classifier,active,vit_small,16,7.79,0.2,0.3,0.0001,10,100,85.81,full,123,sex_only,0.6666666666666667,0.5843114801030633,0.3249248901400904,0.0,0.2,0.7083333333333334,0.16666666666666666,0.752,0.5652173913043478,0.21052631578947367,0.7368421052631579,1.0,0.7647058823529411,0.8333333333333334,0.6666666666666666,0.7272727272727273,,,,1.0000000000000004e-08,0.510429169470992,0.5220234938548084,0.6099242424242425,0.6666666666666666,0.4,0.75,0.5555555555555556,0.0,0.14285714285714285,0.7083333333333334,0.1,0.7966101694915254,0.65,0.11764705882352941,0.875,1.0,0.8297872340425532,0.0,0.3333333333333333,0.7083333333333334,0.5,0.7121212121212122,0.5,1.0,0.6363636363636364,1.0,0.7090909090909091,0.7931034482758621,0.14646464646464646,0.7803030303030303,0.702020202020202,0.947103274559194,2.465349792533317,0.6666666666666667,4.049478352671922,0.6961925496269283,0.7454718919444424,0.6666666666666666
85fa698ede9a48bf8713c399b0554747,vit_full_SX_s456,1,FINISHED,2026-05-10 11:57:59.540,2026-05-10 12:36:09.170,active,lucanidae_classifier,active,vit_small,16,7.69,0.2,0.3,0.0001,10,100,85.81,full,456,sex_only,0.6818181818181819,0.5834780285828769,0.3186698698937291,0.0,0.2,0.6842105263157895,0.5,0.7468354430379747,0.5882352941176471,0.4444444444444444,0.7,1.0,0.6956521739130435,0.8333333333333334,0.6666666666666666,0.7272727272727273,,,,1.0000000000000002e-06,0.55593778818289,0.5741089847611587,0.6064044289044289,0.3333333333333333,0.8,0.75,0.6111111111111112,0.0,0.14285714285714285,0.9285714285714286,0.5,0.6413043478260869,0.6,0.2857142857142857,0.7777777777777778,1.0,0.8648648648648649,0.0,0.3333333333333333,0.5416666666666666,0.5,0.8939393939393939,0.5769230769230769,1.0,0.6363636363636364,1.0,0.5818181818181818,0.8275862068965517,0.14646464646464646,0.8133848133848134,0.7070707070707071,0.9767002518891688,2.435569498340789,0.6313131313131314,4.153471638457944,0.6790710503699514,0.7239137594210058,0.6818181818181818
37ac5c3194864a64a38bc49f59479df8,dinov2_full_SX_s42,1,FINISHED,2026-05-10 20:26:32.261,2026-05-10 20:51:23.057,active,lucanidae_classifier,active,dinov2_vits14,16,16.49,0.2,0.3,0.0001,10,100,22.06,full,42,sex_only,0.04040404040404041,0.01703595317725759,0.12638357010754672,0.0,0.0410958904109589,0.0,0.0,0.0,0.0,0.0,0.12244897959183673,0.18181818181818182,0.0,0.0,0.0,0.09090909090909091,,,,0.0001,0.03453630518209775,0.021757344822360303,0.1672727272727273,0.0,0.0,0.25,0.16666666666666666,0.0,0.02097902097902098,0.0,0.0,0.0,0.0,0.0,0.07894736842105263,0.11764705882352941,0.0,0.0,1.0,0.0,0.0,0.0,0.0,0.0,0.2727272727272727,0.4,0.0,0.6206896551724138,0.14646464646464646,0.3829787234042553,0.08080808080808081,0.007556675062972292,4.072343347655135,0.020202020202020204,4.795263054394963,0.01201675432239389,0.007674714190334792,0.04040404040404041
02e809124ec246c8bc6dfe77aca37956,dinov2_full_SX_s123,1,FINISHED,2026-05-10 20:51:32.391,2026-05-10 21:30:45.620,active,lucanidae_classifier,active,dinov2_vits14,16,16.88,0.2,0.3,0.0001,10,100,22.06,full,123,sex_only,0.08080808080808081,0.04302103250478018,0.0698756194776959,0.0,0.0,0.0,0.02531645569620253,0.21951219512195122,0.0,0.0,0.1,0.4,0.0,0.3333333333333333,0.0,0.18181818181818182,,,,1.0000000000000002e-06,0.07448286508181538,0.09530982905982906,0.20272727272727273,0.0,0.2,0.25,0.16666666666666666,0.0,0.0,0.0,0.01282051282051282,0.5625,0.0,0.0,0.1111111111111111,0.26666666666666666,0.0,0.0,0.0,0.0,1.0,0.13636363636363635,0.0,0.0,0.09090909090909091,0.8,0.0,0.6206896551724138,0.14646464646464646,0.3829787234042553,0.35353535353535354,0.03589420654911839,3.9487007967470875,0.045454545454545456,4.715870558613479,0.08908301913859185,0.20053634636967974,0.08080808080808081
6afc1addb5004b639802392820130f9b,dinov2_full_SX_s456,1,FINISHED,2026-05-10 21:30:54.944,2026-05-10 22:12:05.571,active,lucanidae_classifier,active,dinov2_vits14,16,17.03,0.2,0.3,0.0001,10,100,22.06,full,456,sex_only,0.05050505050505051,0.02817011722319418,0.09772283305423428,0.0,0.0,0.0,0.02857142857142857,0.0,0.23255813953488372,0.0,0.11764705882352941,0.5,0.0,0.0,0.0,0.0,,,,1.0000000000000002e-06,0.08787766269298417,0.11419437340153453,0.16832167832167833,0.0,0.0,0.25,0.1111111111111111,0.0,0.0,0.0,0.014492753623188406,0.0,0.29411764705882354,0.0,0.16666666666666666,0.6666666666666666,0.0,0.0,0.0,0.0,1.0,0.0,0.19230769230769232,0.0,0.09090909090909091,0.4,0.0,0.5172413793103449,0.14646464646464646,0.46578947368421053,0.15656565656565657,0.030226700251889168,3.9651558008842565,0.03535353535353536,4.716806850048027,0.04998874814196291,0.06486217675475987,0.050505050505050504
